{"$schema":"http://schema.management.azure.com/schemas/2015-01-01/deploymentTemplate.json#","contentVersion":"1.0.0.0","parameters":{"factoryName":{"type":"string","metadata":"Data Factory name"},"HttpServer_USStocks2":{"type":"string"},"AzureBlobStorage1":{"type":"string"},"HttpServer_JPStocks":{"type":"string"},"HttpServer_LNStocks":{"type":"string"},"HttpServer_HKStocks":{"type":"string"},"HttpServer_CNStocks":{"type":"string"}},"variables":{"factoryId":"[concat('Microsoft.DataFactory/factories/', parameters('factoryName'))]"},"resources":[{"name":"[concat(parameters('factoryName'), '/GetDailyPrice')]","type":"Microsoft.DataFactory/factories/pipelines","apiVersion":"2018-06-01","properties":{"activities":[{"name":"GetStockPrice_US","type":"Copy","dependsOn":[],"policy":{"timeout":"7.00:00:00","retry":0,"retryIntervalInSeconds":30,"secureOutput":false,"secureInput":false},"userProperties":[],"typeProperties":{"source":{"type":"DelimitedTextSource","storeSettings":{"type":"HttpReadSettings","requestMethod":"GET"},"formatSettings":{"type":"DelimitedTextReadSettings"}},"sink":{"type":"DelimitedTextSink","storeSettings":{"type":"AzureBlobStorageWriteSettings"},"formatSettings":{"type":"DelimitedTextWriteSettings","quoteAllText":true,"fileExtension":".csv"}},"enableStaging":false},"inputs":[{"referenceName":"HTTP_Source_US1","type":"DatasetReference","parameters":{}}],"outputs":[{"referenceName":"IngestStockPrice_US","type":"DatasetReference","parameters":{}}]},{"name":"GetStockPrice_US_2","type":"Copy","dependsOn":[],"policy":{"timeout":"7.00:00:00","retry":0,"retryIntervalInSeconds":30,"secureOutput":false,"secureInput":false},"userProperties":[],"typeProperties":{"source":{"type":"DelimitedTextSource","storeSettings":{"type":"HttpReadSettings","requestMethod":"GET"},"formatSettings":{"type":"DelimitedTextReadSettings"}},"sink":{"type":"DelimitedTextSink","storeSettings":{"type":"AzureBlobStorageWriteSettings"},"formatSettings":{"type":"DelimitedTextWriteSettings","quoteAllText":true,"fileExtension":".csv"}},"enableStaging":false},"inputs":[{"referenceName":"HTTP_Source_US2","type":"DatasetReference","parameters":{}}],"outputs":[{"referenceName":"IngestStockPrice_US2","type":"DatasetReference","parameters":{}}]},{"name":"GetStockPrice_JP","type":"Copy","dependsOn":[],"policy":{"timeout":"7.00:00:00","retry":0,"retryIntervalInSeconds":30,"secureOutput":false,"secureInput":false},"userProperties":[],"typeProperties":{"source":{"type":"DelimitedTextSource","storeSettings":{"type":"HttpReadSettings","requestMethod":"GET"},"formatSettings":{"type":"DelimitedTextReadSettings"}},"sink":{"type":"DelimitedTextSink","storeSettings":{"type":"AzureBlobStorageWriteSettings"},"formatSettings":{"type":"DelimitedTextWriteSettings","quoteAllText":true,"fileExtension":".csv"}},"enableStaging":false},"inputs":[{"referenceName":"HTTP_Source_JP","type":"DatasetReference","parameters":{}}],"outputs":[{"referenceName":"IngestStockPrice_JP","type":"DatasetReference","parameters":{}}]},{"name":"GetStockPrice_UK","type":"Copy","dependsOn":[],"policy":{"timeout":"7.00:00:00","retry":0,"retryIntervalInSeconds":30,"secureOutput":false,"secureInput":false},"userProperties":[],"typeProperties":{"source":{"type":"DelimitedTextSource","storeSettings":{"type":"HttpReadSettings","requestMethod":"GET"},"formatSettings":{"type":"DelimitedTextReadSettings"}},"sink":{"type":"DelimitedTextSink","storeSettings":{"type":"AzureBlobStorageWriteSettings"},"formatSettings":{"type":"DelimitedTextWriteSettings","quoteAllText":true,"fileExtension":".csv"}},"enableStaging":false},"inputs":[{"referenceName":"HTTP_Source_UK","type":"DatasetReference","parameters":{}}],"outputs":[{"referenceName":"IngestStockPrice_UK","type":"DatasetReference","parameters":{}}]},{"name":"GetStockPrice_HK","type":"Copy","dependsOn":[],"policy":{"timeout":"7.00:00:00","retry":0,"retryIntervalInSeconds":30,"secureOutput":false,"secureInput":false},"userProperties":[],"typeProperties":{"source":{"type":"DelimitedTextSource","storeSettings":{"type":"HttpReadSettings","requestMethod":"GET"},"formatSettings":{"type":"DelimitedTextReadSettings"}},"sink":{"type":"DelimitedTextSink","storeSettings":{"type":"AzureBlobStorageWriteSettings"},"formatSettings":{"type":"DelimitedTextWriteSettings","quoteAllText":true,"fileExtension":".csv"}},"enableStaging":false},"inputs":[{"referenceName":"HTTP_Source_HK","type":"DatasetReference","parameters":{}}],"outputs":[{"referenceName":"IngestStockPrice_HK","type":"DatasetReference","parameters":{}}]},{"name":"GetStockPrice_CN","type":"Copy","dependsOn":[],"policy":{"timeout":"7.00:00:00","retry":0,"retryIntervalInSeconds":30,"secureOutput":false,"secureInput":false},"userProperties":[],"typeProperties":{"source":{"type":"DelimitedTextSource","storeSettings":{"type":"HttpReadSettings","requestMethod":"GET"},"formatSettings":{"type":"DelimitedTextReadSettings"}},"sink":{"type":"DelimitedTextSink","storeSettings":{"type":"AzureBlobStorageWriteSettings"},"formatSettings":{"type":"DelimitedTextWriteSettings","quoteAllText":true,"fileExtension":".txt"}},"enableStaging":false},"inputs":[{"referenceName":"HTTP_Source_CN","type":"DatasetReference","parameters":{}}],"outputs":[{"referenceName":"IngestStockPrice_CN","type":"DatasetReference","parameters":{}}]}],"annotations":[]},"dependsOn":["[concat(variables('factoryId'), '/datasets/HTTP_Source_US1')]","[concat(variables('factoryId'), '/datasets/IngestStockPrice_US')]","[concat(variables('factoryId'), '/datasets/HTTP_Source_US2')]","[concat(variables('factoryId'), '/datasets/IngestStockPrice_US2')]","[concat(variables('factoryId'), '/datasets/HTTP_Source_JP')]","[concat(variables('factoryId'), '/datasets/IngestStockPrice_JP')]","[concat(variables('factoryId'), '/datasets/HTTP_Source_UK')]","[concat(variables('factoryId'), '/datasets/IngestStockPrice_UK')]","[concat(variables('factoryId'), '/datasets/HTTP_Source_HK')]","[concat(variables('factoryId'), '/datasets/IngestStockPrice_HK')]","[concat(variables('factoryId'), '/datasets/HTTP_Source_CN')]","[concat(variables('factoryId'), '/datasets/IngestStockPrice_CN')]"]},{"name":"[concat(parameters('factoryName'), '/HTTP_Source_US1')]","type":"Microsoft.DataFactory/factories/datasets","apiVersion":"2018-06-01","properties":{"linkedServiceName":{"referenceName":"[parameters('HttpServer_USStocks2')]","type":"LinkedServiceReference"},"annotations":[],"type":"DelimitedText","typeProperties":{"location":{"type":"HttpServerLocation"},"columnDelimiter":",","escapeChar":"\\","firstRowAsHeader":true,"quoteChar":"\""},"schema":[{"name":"Symbol","type":"String"},{"name":"Name","type":"String"},{"name":"Currency","type":"String"},{"name":"Price","type":"String"},{"name":"Price Open","type":"String"},{"name":"Day High","type":"String"},{"name":"Day Low","type":"String"},{"name":"52 Week High","type":"String"},{"name":"52 Week Low","type":"String"},{"name":"Day Change","type":"String"},{"name":"Change %","type":"String"},{"name":"Close Yesterday","type":"String"},{"name":"Market Cap","type":"String"},{"name":"Volume","type":"String"},{"name":"Volume Avg","type":"String"},{"name":"Shares","type":"String"},{"name":"Stock Exchange Long","type":"String"},{"name":"Stock Exchange Short","type":"String"},{"name":"Timezone","type":"String"},{"name":"Timezone Name","type":"String"},{"name":"GMT Offset","type":"String"},{"name":"Last Trade Time","type":"String"},{"name":"PE","type":"String"},{"name":"EPS","type":"String"}]},"dependsOn":[]},{"name":"[concat(parameters('factoryName'), '/IngestStockPrice_US')]","type":"Microsoft.DataFactory/factories/datasets","apiVersion":"2018-06-01","properties":{"linkedServiceName":{"referenceName":"[parameters('AzureBlobStorage1')]","type":"LinkedServiceReference"},"annotations":[],"type":"DelimitedText","typeProperties":{"location":{"type":"AzureBlobStorageLocation","fileName":"US_realtimeprices1.csv","container":"ingestion"},"columnDelimiter":",","escapeChar":"\\","firstRowAsHeader":true,"quoteChar":"\""},"schema":[{"name":"Symbol","type":"String"},{"name":"Name","type":"String"},{"name":"Currency","type":"String"},{"name":"Price","type":"String"},{"name":"Price Open","type":"String"},{"name":"Day High","type":"String"},{"name":"Day Low","type":"String"},{"name":"52 Week High","type":"String"},{"name":"52 Week Low","type":"String"},{"name":"Day Change","type":"String"},{"name":"Change %","type":"String"},{"name":"Close Yesterday","type":"String"},{"name":"Market Cap","type":"String"},{"name":"Volume","type":"String"},{"name":"Volume Avg","type":"String"},{"name":"Shares","type":"String"},{"name":"Stock Exchange Long","type":"String"},{"name":"Stock Exchange Short","type":"String"},{"name":"Timezone","type":"String"},{"name":"Timezone Name","type":"String"},{"name":"GMT Offset","type":"String"},{"name":"Last Trade Time","type":"String"},{"name":"PE","type":"String"},{"name":"EPS","type":"String"}]},"dependsOn":[]},{"name":"[concat(parameters('factoryName'), '/HTTP_Source_US2')]","type":"Microsoft.DataFactory/factories/datasets","apiVersion":"2018-06-01","properties":{"linkedServiceName":{"referenceName":"[parameters('HttpServer_USStocks2')]","type":"LinkedServiceReference"},"annotations":[],"type":"DelimitedText","typeProperties":{"location":{"type":"HttpServerLocation"},"columnDelimiter":",","escapeChar":"\\","firstRowAsHeader":true,"quoteChar":"\""},"schema":[{"name":"Symbol","type":"String"},{"name":"Name","type":"String"},{"name":"Currency","type":"String"},{"name":"Price","type":"String"},{"name":"Price Open","type":"String"},{"name":"Day High","type":"String"},{"name":"Day Low","type":"String"},{"name":"52 Week High","type":"String"},{"name":"52 Week Low","type":"String"},{"name":"Day Change","type":"String"},{"name":"Change %","type":"String"},{"name":"Close Yesterday","type":"String"},{"name":"Market Cap","type":"String"},{"name":"Volume","type":"String"},{"name":"Volume Avg","type":"String"},{"name":"Shares","type":"String"},{"name":"Stock Exchange Long","type":"String"},{"name":"Stock Exchange Short","type":"String"},{"name":"Timezone","type":"String"},{"name":"Timezone Name","type":"String"},{"name":"GMT Offset","type":"String"},{"name":"Last Trade Time","type":"String"},{"name":"PE","type":"String"},{"name":"EPS","type":"String"}]},"dependsOn":[]},{"name":"[concat(parameters('factoryName'), '/IngestStockPrice_US2')]","type":"Microsoft.DataFactory/factories/datasets","apiVersion":"2018-06-01","properties":{"linkedServiceName":{"referenceName":"[parameters('AzureBlobStorage1')]","type":"LinkedServiceReference"},"annotations":[],"type":"DelimitedText","typeProperties":{"location":{"type":"AzureBlobStorageLocation","fileName":"US_realtimeprices2.csv","container":"ingestion"},"columnDelimiter":",","escapeChar":"\\","firstRowAsHeader":true,"quoteChar":"\""},"schema":[{"name":"Symbol","type":"String"},{"name":"Name","type":"String"},{"name":"Currency","type":"String"},{"name":"Price","type":"String"},{"name":"Price Open","type":"String"},{"name":"Day High","type":"String"},{"name":"Day Low","type":"String"},{"name":"52 Week High","type":"String"},{"name":"52 Week Low","type":"String"},{"name":"Day Change","type":"String"},{"name":"Change %","type":"String"},{"name":"Close Yesterday","type":"String"},{"name":"Market Cap","type":"String"},{"name":"Volume","type":"String"},{"name":"Volume Avg","type":"String"},{"name":"Shares","type":"String"},{"name":"Stock Exchange Long","type":"String"},{"name":"Stock Exchange Short","type":"String"},{"name":"Timezone","type":"String"},{"name":"Timezone Name","type":"String"},{"name":"GMT Offset","type":"String"},{"name":"Last Trade Time","type":"String"},{"name":"PE","type":"String"},{"name":"EPS","type":"String"}]},"dependsOn":[]},{"name":"[concat(parameters('factoryName'), '/HTTP_Source_JP')]","type":"Microsoft.DataFactory/factories/datasets","apiVersion":"2018-06-01","properties":{"linkedServiceName":{"referenceName":"[parameters('HttpServer_JPStocks')]","type":"LinkedServiceReference"},"annotations":[],"type":"DelimitedText","typeProperties":{"location":{"type":"HttpServerLocation"},"columnDelimiter":",","escapeChar":"\\","firstRowAsHeader":true,"quoteChar":"\""},"schema":[{"name":"Symbol","type":"String"},{"name":"Name","type":"String"},{"name":"Currency","type":"String"},{"name":"Price","type":"String"},{"name":"Price Open","type":"String"},{"name":"Day High","type":"String"},{"name":"Day Low","type":"String"},{"name":"52 Week High","type":"String"},{"name":"52 Week Low","type":"String"},{"name":"Day Change","type":"String"},{"name":"Change %","type":"String"},{"name":"Close Yesterday","type":"String"},{"name":"Market Cap","type":"String"},{"name":"Volume","type":"String"},{"name":"Volume Avg","type":"String"},{"name":"Shares","type":"String"},{"name":"Stock Exchange Long","type":"String"},{"name":"Stock Exchange Short","type":"String"},{"name":"Timezone","type":"String"},{"name":"Timezone Name","type":"String"},{"name":"GMT Offset","type":"String"},{"name":"Last Trade Time","type":"String"},{"name":"PE","type":"String"},{"name":"EPS","type":"String"}]},"dependsOn":[]},{"name":"[concat(parameters('factoryName'), '/IngestStockPrice_JP')]","type":"Microsoft.DataFactory/factories/datasets","apiVersion":"2018-06-01","properties":{"linkedServiceName":{"referenceName":"[parameters('AzureBlobStorage1')]","type":"LinkedServiceReference"},"annotations":[],"type":"DelimitedText","typeProperties":{"location":{"type":"AzureBlobStorageLocation","fileName":"JP_realtimeprices.csv","container":"ingestion"},"columnDelimiter":",","escapeChar":"\\","firstRowAsHeader":true,"quoteChar":"\""},"schema":[{"name":"Symbol","type":"String"},{"name":"Name","type":"String"},{"name":"Currency","type":"String"},{"name":"Price","type":"String"},{"name":"Price Open","type":"String"},{"name":"Day High","type":"String"},{"name":"Day Low","type":"String"},{"name":"52 Week High","type":"String"},{"name":"52 Week Low","type":"String"},{"name":"Day Change","type":"String"},{"name":"Change %","type":"String"},{"name":"Close Yesterday","type":"String"},{"name":"Market Cap","type":"String"},{"name":"Volume","type":"String"},{"name":"Volume Avg","type":"String"},{"name":"Shares","type":"String"},{"name":"Stock Exchange Long","type":"String"},{"name":"Stock Exchange Short","type":"String"},{"name":"Timezone","type":"String"},{"name":"Timezone Name","type":"String"},{"name":"GMT Offset","type":"String"},{"name":"Last Trade Time","type":"String"},{"name":"PE","type":"String"},{"name":"EPS","type":"String"}]},"dependsOn":[]},{"name":"[concat(parameters('factoryName'), '/HTTP_Source_UK')]","type":"Microsoft.DataFactory/factories/datasets","apiVersion":"2018-06-01","properties":{"linkedServiceName":{"referenceName":"[parameters('HttpServer_LNStocks')]","type":"LinkedServiceReference"},"annotations":[],"type":"DelimitedText","typeProperties":{"location":{"type":"HttpServerLocation"},"columnDelimiter":",","escapeChar":"\\","firstRowAsHeader":true,"quoteChar":"\""},"schema":[{"name":"Symbol","type":"String"},{"name":"Name","type":"String"},{"name":"Currency","type":"String"},{"name":"Price","type":"String"},{"name":"Price Open","type":"String"},{"name":"Day High","type":"String"},{"name":"Day Low","type":"String"},{"name":"52 Week High","type":"String"},{"name":"52 Week Low","type":"String"},{"name":"Day Change","type":"String"},{"name":"Change %","type":"String"},{"name":"Close Yesterday","type":"String"},{"name":"Market Cap","type":"String"},{"name":"Volume","type":"String"},{"name":"Volume Avg","type":"String"},{"name":"Shares","type":"String"},{"name":"Stock Exchange Long","type":"String"},{"name":"Stock Exchange Short","type":"String"},{"name":"Timezone","type":"String"},{"name":"Timezone Name","type":"String"},{"name":"GMT Offset","type":"String"},{"name":"Last Trade Time","type":"String"},{"name":"PE","type":"String"},{"name":"EPS","type":"String"}]},"dependsOn":[]},{"name":"[concat(parameters('factoryName'), '/IngestStockPrice_UK')]","type":"Microsoft.DataFactory/factories/datasets","apiVersion":"2018-06-01","properties":{"linkedServiceName":{"referenceName":"[parameters('AzureBlobStorage1')]","type":"LinkedServiceReference"},"annotations":[],"type":"DelimitedText","typeProperties":{"location":{"type":"AzureBlobStorageLocation","fileName":"UK_realtimeprices.csv","container":"ingestion"},"columnDelimiter":",","escapeChar":"\\","firstRowAsHeader":true,"quoteChar":"\""},"schema":[{"name":"Symbol","type":"String"},{"name":"Name","type":"String"},{"name":"Currency","type":"String"},{"name":"Price","type":"String"},{"name":"Price Open","type":"String"},{"name":"Day High","type":"String"},{"name":"Day Low","type":"String"},{"name":"52 Week High","type":"String"},{"name":"52 Week Low","type":"String"},{"name":"Day Change","type":"String"},{"name":"Change %","type":"String"},{"name":"Close Yesterday","type":"String"},{"name":"Market Cap","type":"String"},{"name":"Volume","type":"String"},{"name":"Volume Avg","type":"String"},{"name":"Shares","type":"String"},{"name":"Stock Exchange Long","type":"String"},{"name":"Stock Exchange Short","type":"String"},{"name":"Timezone","type":"String"},{"name":"Timezone Name","type":"String"},{"name":"GMT Offset","type":"String"},{"name":"Last Trade Time","type":"String"},{"name":"PE","type":"String"},{"name":"EPS","type":"String"}]},"dependsOn":[]},{"name":"[concat(parameters('factoryName'), '/HTTP_Source_HK')]","type":"Microsoft.DataFactory/factories/datasets","apiVersion":"2018-06-01","properties":{"linkedServiceName":{"referenceName":"[parameters('HttpServer_HKStocks')]","type":"LinkedServiceReference"},"annotations":[],"type":"DelimitedText","typeProperties":{"location":{"type":"HttpServerLocation"},"columnDelimiter":",","escapeChar":"\\","firstRowAsHeader":true,"quoteChar":"\""},"schema":[{"name":"Symbol","type":"String"},{"name":"Name","type":"String"},{"name":"Currency","type":"String"},{"name":"Price","type":"String"},{"name":"Price Open","type":"String"},{"name":"Day High","type":"String"},{"name":"Day Low","type":"String"},{"name":"52 Week High","type":"String"},{"name":"52 Week Low","type":"String"},{"name":"Day Change","type":"String"},{"name":"Change %","type":"String"},{"name":"Close Yesterday","type":"String"},{"name":"Market Cap","type":"String"},{"name":"Volume","type":"String"},{"name":"Volume Avg","type":"String"},{"name":"Shares","type":"String"},{"name":"Stock Exchange Long","type":"String"},{"name":"Stock Exchange Short","type":"String"},{"name":"Timezone","type":"String"},{"name":"Timezone Name","type":"String"},{"name":"GMT Offset","type":"String"},{"name":"Last Trade Time","type":"String"},{"name":"PE","type":"String"},{"name":"EPS","type":"String"}]},"dependsOn":[]},{"name":"[concat(parameters('factoryName'), '/IngestStockPrice_HK')]","type":"Microsoft.DataFactory/factories/datasets","apiVersion":"2018-06-01","properties":{"linkedServiceName":{"referenceName":"[parameters('AzureBlobStorage1')]","type":"LinkedServiceReference"},"annotations":[],"type":"DelimitedText","typeProperties":{"location":{"type":"AzureBlobStorageLocation","fileName":"HK_realtimeprices.csv","container":"ingestion"},"columnDelimiter":",","escapeChar":"\\","firstRowAsHeader":true,"quoteChar":"\""},"schema":[{"name":"Symbol","type":"String"},{"name":"Name","type":"String"},{"name":"Currency","type":"String"},{"name":"Price","type":"String"},{"name":"Price Open","type":"String"},{"name":"Day High","type":"String"},{"name":"Day Low","type":"String"},{"name":"52 Week High","type":"String"},{"name":"52 Week Low","type":"String"},{"name":"Day Change","type":"String"},{"name":"Change %","type":"String"},{"name":"Close Yesterday","type":"String"},{"name":"Market Cap","type":"String"},{"name":"Volume","type":"String"},{"name":"Volume Avg","type":"String"},{"name":"Shares","type":"String"},{"name":"Stock Exchange Long","type":"String"},{"name":"Stock Exchange Short","type":"String"},{"name":"Timezone","type":"String"},{"name":"Timezone Name","type":"String"},{"name":"GMT Offset","type":"String"},{"name":"Last Trade Time","type":"String"},{"name":"PE","type":"String"},{"name":"EPS","type":"String"}]},"dependsOn":[]},{"name":"[concat(parameters('factoryName'), '/HTTP_Source_CN')]","type":"Microsoft.DataFactory/factories/datasets","apiVersion":"2018-06-01","properties":{"linkedServiceName":{"referenceName":"[parameters('HttpServer_CNStocks')]","type":"LinkedServiceReference"},"annotations":[],"type":"DelimitedText","typeProperties":{"location":{"type":"HttpServerLocation"},"columnDelimiter":",","escapeChar":"\\","firstRowAsHeader":true,"quoteChar":"\""},"schema":[{"name":"Symbol","type":"String"},{"name":"Name","type":"String"},{"name":"Currency","type":"String"},{"name":"Price","type":"String"},{"name":"Price Open","type":"String"},{"name":"Day High","type":"String"},{"name":"Day Low","type":"String"},{"name":"52 Week High","type":"String"},{"name":"52 Week Low","type":"String"},{"name":"Day Change","type":"String"},{"name":"Change %","type":"String"},{"name":"Close Yesterday","type":"String"},{"name":"Market Cap","type":"String"},{"name":"Volume","type":"String"},{"name":"Volume Avg","type":"String"},{"name":"Shares","type":"String"},{"name":"Stock Exchange Long","type":"String"},{"name":"Stock Exchange Short","type":"String"},{"name":"Timezone","type":"String"},{"name":"Timezone Name","type":"String"},{"name":"GMT Offset","type":"String"},{"name":"Last Trade Time","type":"String"},{"name":"PE","type":"String"},{"name":"EPS","type":"String"}]},"dependsOn":[]},{"name":"[concat(parameters('factoryName'), '/IngestStockPrice_CN')]","type":"Microsoft.DataFactory/factories/datasets","apiVersion":"2018-06-01","properties":{"linkedServiceName":{"referenceName":"[parameters('AzureBlobStorage1')]","type":"LinkedServiceReference"},"annotations":[],"type":"DelimitedText","typeProperties":{"location":{"type":"AzureBlobStorageLocation","fileName":"CN_realtimeprices.csv","container":"ingestion"},"columnDelimiter":",","escapeChar":"\\","firstRowAsHeader":true,"quoteChar":"\""},"schema":[{"name":"Symbol","type":"String"},{"name":"Name","type":"String"},{"name":"Currency","type":"String"},{"name":"Price","type":"String"},{"name":"Price Open","type":"String"},{"name":"Day High","type":"String"},{"name":"Day Low","type":"String"},{"name":"52 Week High","type":"String"},{"name":"52 Week Low","type":"String"},{"name":"Day Change","type":"String"},{"name":"Change %","type":"String"},{"name":"Close Yesterday","type":"String"},{"name":"Market Cap","type":"String"},{"name":"Volume","type":"String"},{"name":"Volume Avg","type":"String"},{"name":"Shares","type":"String"},{"name":"Stock Exchange Long","type":"String"},{"name":"Stock Exchange Short","type":"String"},{"name":"Timezone","type":"String"},{"name":"Timezone Name","type":"String"},{"name":"GMT Offset","type":"String"},{"name":"Last Trade Time","type":"String"},{"name":"PE","type":"String"},{"name":"EPS","type":"String"}]},"dependsOn":[]}]}