Symbol,Name,Currency,Price,"Price Open","Day High","Day Low","52 Week High","52 Week Low","Day Change","Change %","Close Yesterday","Market Cap",Volume,"Volume Avg",Shares,"Stock Exchange Long","Stock Exchange Short",Timezone,"Timezone Name","GMT Offset","Last Trade Time",PE,EPS
000002.SZ,"VANKE-A/Shs A Vtg 1.00",CNY,27.01,26.78,27.10,26.69,33.60,23.33,0.26,0.97,26.75,337608730504,66991133,N/A,9724196533,"Shenzhen Stock Exchange",SZSE,CST,Asia/Shanghai,28800,"2019-11-22 16:29:03",7.92,3.41
000333.SZ,"Midea Group Co Ltd",CNY,55.73,56.47,57.20,55.46,60.80,35.80,-0.47,-0.84,56.20,386705100000,20682680,N/A,6967956909,"Shenzhen Stock Exchange",SZSE,CST,Asia/Shanghai,28800,"2019-11-22 16:29:03",15.68,3.55
000651.SZ,"Gree Electric Appliances Inc of Zhuhai",CNY,56.72,57.50,58.13,56.20,65.40,35.35,-0.73,-1.27,57.45,341212300000,36853490,N/A,6015730878,"Shenzhen Stock Exchange",SZSE,CST,Asia/Shanghai,28800,"2019-11-22 16:29:03",12.54,4.52
000858.SZ,"Wuliangye Yibin  Co., Ltd.",CNY,128.97,133.37,134.07,128.05,143.10,48.00,-4.69,-3.51,133.66,500611000000,28311900,N/A,3881608005,"Shenzhen Stock Exchange",SZSE,CST,Asia/Shanghai,28800,"2019-11-22 16:29:03",30.41,4.24
300498.SZ,"Wens Foodstuff Group Co Ltd",CNY,35.56,36.24,36.38,35.26,45.55,23.58,-0.51,-1.41,36.07,188899200000,23235763,N/A,5312124827,"Shenzhen Stock Exchange",SZSE,CST,Asia/Shanghai,28800,"2019-11-22 16:29:04",26.41,1.35
