Symbol,Name,Currency,Price,"Price Open","Day High","Day Low","52 Week High","52 Week Low","Day Change","Change %","Close Yesterday","Market Cap",Volume,"Volume Avg",Shares,"Stock Exchange Long","Stock Exchange Short",Timezone,"Timezone Name","GMT Offset","Last Trade Time",PE,EPS
0386.HK,"China Petroleum & Chemical Corp",HKD,4.42,4.40,4.45,4.40,6.93,4.39,0.00,0.00,4.42,80417595726,115981408,83478745,25513438600,"Hong Kong Stock Exchange",HKEX,HKT,Asia/Hong_Kong,28800,"2019-11-22 16:08:18",9.34,0.47
0883.HK,"CNOOC Ltd",HKD,11.86,11.82,11.96,11.76,15.14,10.74,0.18,1.54,11.68,6753374554344,40417106,41354349,44647455984,"Hong Kong Stock Exchange",HKEX,HKT,Asia/Hong_Kong,28800,"2019-11-22 16:08:18",8.27,1.43
1093.HK,"CSPC Pharmaceutical Group Ltd",HKD,20.00,20.00,20.25,19.50,21.80,9.90,0.02,0.10,19.98,124726768060,30033064,40225577,6236338403,"Hong Kong Stock Exchange",HKEX,HKT,Asia/Hong_Kong,28800,"2019-11-22 16:08:18",30.86,0.65
1398.HK,"INDUST & COMMER/Shs H Vtg 1.00",HKD,5.66,5.69,5.70,5.64,6.19,4.81,0.00,0.00,5.66,2198001510744,168215219,177069502,86794044550,"Hong Kong Stock Exchange",HKEX,HKT,Asia/Hong_Kong,28800,"2019-11-22 16:08:18",5.89,0.96
2628.HK,"China Life Insurance Co Ltd",HKD,20.20,20.25,20.45,20.00,23.35,15.90,0.05,0.25,20.15,117655583878,19768422,35972593,7441175000,"Hong Kong Stock Exchange",HKEX,HKT,Asia/Hong_Kong,28800,"2019-11-22 16:08:18",15.74,1.28
