Symbol,Name,Currency,Price,"Price Open","Day High","Day Low","52 Week High","52 Week Low","Day Change","Change %","Close Yesterday","Market Cap",Volume,"Volume Avg",Shares,"Stock Exchange Long","Stock Exchange Short",Timezone,"Timezone Name","GMT Offset","Last Trade Time",PE,EPS
3436.T,"Sumco Corporation",JPY,1658.00,1640.00,1683.00,1636.00,1950.00,1116.00,-4.00,-0.24,1662.00,485084364800,7481300,9070985,293278016,"Tokyo Stock Exchange",JPX,JST,Asia/Tokyo,32400,"2019-11-22 15:15:01",11.04,150.20
4502.T,"Takeda Pharmaceutical Company Limited",JPY,4449.00,4409.00,4461.00,4366.00,4822.00,3401.00,-18.00,-0.40,4467.00,7013225463808,4895900,6386171,1576359936,"Tokyo Stock Exchange",JPX,JST,Asia/Tokyo,32400,"2019-11-22 15:15:01",385.23,11.55
5301.T,"Tokai Carbon Co., Ltd.",JPY,1049.00,1036.00,1053.00,1035.00,1669.00,922.00,13.00,1.25,1036.00,223598542848,3468200,3911957,213154000,"Tokyo Stock Exchange",JPX,JST,Asia/Tokyo,32400,"2019-11-22 15:15:01",4.90,213.99
6098.T,"Recruit Holdings Co., Ltd.",JPY,3937.00,3940.00,3943.00,3911.00,3962.00,2527.50,-18.00,-0.46,3955.00,6522230800384,2888100,4901871,1656649984,"Tokyo Stock Exchange",JPX,JST,Asia/Tokyo,32400,"2019-11-22 15:15:01",33.67,116.93
9984.T,"SoftBank Group Corp.",JPY,4154.00,4102.00,4210.00,4101.00,6045.00,3401.50,2.00,0.05,4152.00,8603930460160,11081300,13603214,2071239936,"Tokyo Stock Exchange",JPX,JST,Asia/Tokyo,32400,"2019-11-22 15:15:00",9.48,438.02
