Symbol,Name,Currency,Price,"Price Open","Day High","Day Low","52 Week High","52 Week Low","Day Change","Change %","Close Yesterday","Market Cap",Volume,"Volume Avg",Shares,"Stock Exchange Long","Stock Exchange Short",Timezone,"Timezone Name","GMT Offset","Last Trade Time",PE,EPS
CNA.L,"Centrica PLC",GBX,82.30,79.16,83.42,79.04,141.00,63.99,2.98,3.76,79.32,4789005385,43849050,33831599,5818961370,"London Stock Exchange",LSE,GMT,Europe/London,0,"2019-11-22 16:35:15",N/A,-0.11
MNG.L,"M&G PLC",GBX,231.57,231.60,233.40,230.80,238.32,201.20,0.77,0.34,230.80,6020703301,9613691,29566481,2599906866,"London Stock Exchange",LSE,GMT,Europe/London,0,"2019-11-22 18:40:45",3.93,0.59
RDSA.L,"Royal Dutch Shell Plc",GBX,2281.50,2278.50,2298.00,2275.50,2811.38,2209.50,18.50,0.82,2263.00,230242607869,4672934,9900376,4189544059,"London Stock Exchange",LSE,GMT,Europe/London,0,"2019-11-22 16:35:30",11.42,2.00
TSCO.L,"Tesco PLC",GBX,232.60,231.90,233.60,230.80,254.10,187.05,2.80,1.22,229.80,87186608536,16204143,23639631,9793496561,"London Stock Exchange",LSE,GMT,Europe/London,0,"2019-11-22 16:39:56",17.37,0.13
VOD.L,"Vodafone Group plc",GBX,156.58,152.00,156.58,151.80,171.78,122.22,4.54,2.99,152.04,535909186053,62225534,73478601,26768689903,"London Stock Exchange",LSE,GMT,Europe/London,0,"2019-11-22 16:35:02",N/A,-0.06
