Symbol,Name,Currency,Price,"Price Open","Day High","Day Low","52 Week High","52 Week Low","Day Change","Change %","Close Yesterday","Market Cap",Volume,"Volume Avg",Shares,"Stock Exchange Long","Stock Exchange Short",Timezone,"Timezone Name","GMT Offset","Last Trade Time",PE,EPS
AAPL,"Apple Inc.",USD,261.78,262.59,263.18,260.84,268.00,142.00,-0.23,-0.09,262.01,1183036080128,14305252,24059862,4519199744,"NASDAQ Stock Exchange",NASDAQ,EST,America/New_York,-18000,"2019-11-22 16:00:01",22.02,11.89
AMD,"Advanced Micro Devices, Inc.",USD,39.15,39.36,39.89,38.19,41.79,16.03,-0.37,-0.94,39.52,44576190464,56008390,72894400,1138599936,"NASDAQ Stock Exchange",NASDAQ,EST,America/New_York,-18000,"2019-11-22 16:00:01",204.97,0.19
CSCO,"Cisco Systems, Inc.",USD,44.85,45.15,45.17,44.69,58.26,40.25,0.01,0.02,44.84,191283904512,16515976,27456600,4242259968,"NASDAQ Stock Exchange",NASDAQ,EST,America/New_York,-18000,"2019-11-22 16:00:01",17.85,2.51
INTC,"Intel Corporation",USD,57.61,58.34,58.65,57.49,59.59,42.86,-0.61,-1.05,58.22,249226067968,14239779,15419300,4350000128,"NASDAQ Stock Exchange",NASDAQ,EST,America/New_York,-18000,"2019-11-22 16:00:01",13.49,4.27
MSFT,"Microsoft Corporation",USD,149.59,150.07,150.29,148.82,151.33,93.96,0.11,0.07,149.48,1142261809152,12435213,21063962,7695349760,"NASDAQ Stock Exchange",NASDAQ,EST,America/New_York,-18000,"2019-11-22 16:00:01",28.22,5.30
