Symbol,Name,Currency,Price,"Price Open","Day High","Day Low","52 Week High","52 Week Low","Day Change","Change %","Close Yesterday","Market Cap",Volume,"Volume Avg",Shares,"Stock Exchange Long","Stock Exchange Short",Timezone,"Timezone Name","GMT Offset","Last Trade Time",PE,EPS
CMCSA,"Comcast Corporation",USD,44.80,44.53,44.89,44.29,47.27,32.61,0.44,0.99,44.36,203806392320,13812913,15289662,4539809792,"NASDAQ Stock Exchange",NASDAQ,EST,America/New_York,-18000,"2019-11-22 16:00:01",16.60,2.70
FB,"Facebook, Inc.",USD,198.82,198.38,199.30,197.62,208.66,123.02,0.89,0.45,197.93,566984966144,8951405,13592612,2406469888,"NASDAQ Stock Exchange",NASDAQ,EST,America/New_York,-18000,"2019-11-22 16:00:01",31.79,6.26
MU,"Micron Technology, Inc.",USD,45.87,45.93,46.38,45.75,51.39,28.39,0.32,0.70,45.55,50780381184,11099850,16263575,1103800064,"NASDAQ Stock Exchange",NASDAQ,EST,America/New_York,-18000,"2019-11-22 16:00:01",8.32,5.51
SIRI,"Sirius XM Holdings Inc.",USD,6.81,7.00,7.00,6.80,7.00,5.23,-0.16,-2.23,6.96,30103412736,60067986,17896812,4423719936,"NASDAQ Stock Exchange",NASDAQ,EST,America/New_York,-18000,"2019-11-22 16:00:01",33.20,0.21
ZNGA,"Zynga Inc.",USD,6.09,6.10,6.10,6.04,6.65,3.32,N/A,N/A,6.09,5760665088,9255139,10248750,945921984,"NASDAQ Stock Exchange",NASDAQ,EST,America/New_York,-18000,"2019-11-22 16:00:01",121.80,0.05
