{
    "$schema": "https://schema.management.azure.com/schemas/2015-01-01/deploymentParameters.json#",
    "contentVersion": "1.0.0.0",
    "parameters": {
        "factoryName": {
            "value": "bigdataissadf-asia"
        },
        "AzureBlobStorage1_connectionString": {
            "value": ""
        },
        "AzureBlobStorageCluster_connectionString": {
            "value": ""
        },
        "AzureTableStorage_connectionString": {
            "value": ""
        },
        "HttpServer_USStocks_properties_typeProperties_url": {
            "value": "https://api.worldtradingdata.com/api/v1/stock?symbol=AAPL,AMD,CSCO,INTC,MSFT&output=csv&sort=newest&api_token=Ugzrn4rkngGTk5AbVtqUIhbWkep8eeKqRvfH2ZWE7fMAcXLUvIIyCDTIkJKa"
        },
        "HttpServer_JPStocks_properties_typeProperties_url": {
            "value": "https://api.worldtradingdata.com/api/v1/stock?symbol=9984.T,3436.T,4502.T,6098.T,5301.T&output=csv&sort=newest&api_token=Ugzrn4rkngGTk5AbVtqUIhbWkep8eeKqRvfH2ZWE7fMAcXLUvIIyCDTIkJKa"
        },
        "HttpServer_USStocks2_properties_typeProperties_url": {
            "value": "https://api.worldtradingdata.com/api/v1/stock?symbol=MU,CMCSA,SIRI,ZNGA,FB&output=csv&sort=newest&api_token=Ugzrn4rkngGTk5AbVtqUIhbWkep8eeKqRvfH2ZWE7fMAcXLUvIIyCDTIkJKa"
        },
        "HttpServer_HKStocks_properties_typeProperties_url": {
            "value": "https://api.worldtradingdata.com/api/v1/stock?symbol=1398.HK,0386.HK,1093.HK,0883.HK,2628.HK&output=csv&sort=newest&api_token=Ugzrn4rkngGTk5AbVtqUIhbWkep8eeKqRvfH2ZWE7fMAcXLUvIIyCDTIkJKa"
        },
        "HttpServer_LNStocks_properties_typeProperties_url": {
            "value": "https://api.worldtradingdata.com/api/v1/stock?symbol=VOD.L,CNA.L,MNG.L,TSCO.L,RDSA.L&output=csv&sort=newest&api_token=Ugzrn4rkngGTk5AbVtqUIhbWkep8eeKqRvfH2ZWE7fMAcXLUvIIyCDTIkJKa"
        },
        "HttpServer_CNStocks_properties_typeProperties_url": {
            "value": "https://api.worldtradingdata.com/api/v1/stock?symbol=000651.SZ,000333.SZ,000858.SZ,300498.SZ,000002.SZ&output=csv&sort=newest&api_token=Ugzrn4rkngGTk5AbVtqUIhbWkep8eeKqRvfH2ZWE7fMAcXLUvIIyCDTIkJKa"
        },
        "containerUri": {
            "value": ""
        },
        "containerSasToken": {
            "value": ""
        }
    }
}