{
    "$schema": "http://schema.management.azure.com/schemas/2015-01-01/deploymentTemplate.json#",
    "contentVersion": "1.0.0.0",
    "parameters": {
        "factoryName": {
            "type": "string",
            "metadata": "Data Factory name",
            "defaultValue": "bigdataissadf-asia"
        },
        "AzureBlobStorage1_connectionString": {
            "type": "secureString",
            "metadata": "Secure string for 'connectionString' of 'AzureBlobStorage1'"
        },
        "AzureBlobStorageCluster_connectionString": {
            "type": "secureString",
            "metadata": "Secure string for 'connectionString' of 'AzureBlobStorageCluster'"
        },
        "AzureTableStorage_connectionString": {
            "type": "secureString",
            "metadata": "Secure string for 'connectionString' of 'AzureTableStorage'"
        },
        "HttpServer_USStocks_properties_typeProperties_url": {
            "type": "string",
            "defaultValue": "https://api.worldtradingdata.com/api/v1/stock?symbol=AAPL,AMD,CSCO,INTC,MSFT&output=csv&sort=newest&api_token=Ugzrn4rkngGTk5AbVtqUIhbWkep8eeKqRvfH2ZWE7fMAcXLUvIIyCDTIkJKa"
        },
        "HttpServer_JPStocks_properties_typeProperties_url": {
            "type": "string",
            "defaultValue": "https://api.worldtradingdata.com/api/v1/stock?symbol=9984.T,3436.T,4502.T,6098.T,5301.T&output=csv&sort=newest&api_token=Ugzrn4rkngGTk5AbVtqUIhbWkep8eeKqRvfH2ZWE7fMAcXLUvIIyCDTIkJKa"
        },
        "HttpServer_USStocks2_properties_typeProperties_url": {
            "type": "string",
            "defaultValue": "https://api.worldtradingdata.com/api/v1/stock?symbol=MU,CMCSA,SIRI,ZNGA,FB&output=csv&sort=newest&api_token=Ugzrn4rkngGTk5AbVtqUIhbWkep8eeKqRvfH2ZWE7fMAcXLUvIIyCDTIkJKa"
        },
        "HttpServer_HKStocks_properties_typeProperties_url": {
            "type": "string",
            "defaultValue": "https://api.worldtradingdata.com/api/v1/stock?symbol=1398.HK,0386.HK,1093.HK,0883.HK,2628.HK&output=csv&sort=newest&api_token=Ugzrn4rkngGTk5AbVtqUIhbWkep8eeKqRvfH2ZWE7fMAcXLUvIIyCDTIkJKa"
        },
        "HttpServer_LNStocks_properties_typeProperties_url": {
            "type": "string",
            "defaultValue": "https://api.worldtradingdata.com/api/v1/stock?symbol=VOD.L,CNA.L,MNG.L,TSCO.L,RDSA.L&output=csv&sort=newest&api_token=Ugzrn4rkngGTk5AbVtqUIhbWkep8eeKqRvfH2ZWE7fMAcXLUvIIyCDTIkJKa"
        },
        "HttpServer_CNStocks_properties_typeProperties_url": {
            "type": "string",
            "defaultValue": "https://api.worldtradingdata.com/api/v1/stock?symbol=000651.SZ,000333.SZ,000858.SZ,300498.SZ,000002.SZ&output=csv&sort=newest&api_token=Ugzrn4rkngGTk5AbVtqUIhbWkep8eeKqRvfH2ZWE7fMAcXLUvIIyCDTIkJKa"
        }
    },
    "variables": {
        "factoryId": "[concat('Microsoft.DataFactory/factories/', parameters('factoryName'))]"
    },
    "resources": [
        {
            "name": "[concat(parameters('factoryName'), '/AzureBlobStorage1')]",
            "type": "Microsoft.DataFactory/factories/linkedServices",
            "apiVersion": "2018-06-01",
            "properties": {
                "annotations": [],
                "type": "AzureBlobStorage",
                "typeProperties": {
                    "connectionString": "[parameters('AzureBlobStorage1_connectionString')]"
                }
            },
            "dependsOn": []
        },
        {
            "name": "[concat(parameters('factoryName'), '/HttpServer_USStocks')]",
            "type": "Microsoft.DataFactory/factories/linkedServices",
            "apiVersion": "2018-06-01",
            "properties": {
                "annotations": [],
                "type": "HttpServer",
                "typeProperties": {
                    "url": "[parameters('HttpServer_USStocks_properties_typeProperties_url')]",
                    "enableServerCertificateValidation": true,
                    "authenticationType": "Anonymous"
                }
            },
            "dependsOn": []
        },
        {
            "name": "[concat(parameters('factoryName'), '/HttpServer_JPStocks')]",
            "type": "Microsoft.DataFactory/factories/linkedServices",
            "apiVersion": "2018-06-01",
            "properties": {
                "annotations": [],
                "type": "HttpServer",
                "typeProperties": {
                    "url": "[parameters('HttpServer_JPStocks_properties_typeProperties_url')]",
                    "enableServerCertificateValidation": true,
                    "authenticationType": "Anonymous"
                }
            },
            "dependsOn": []
        },
        {
            "name": "[concat(parameters('factoryName'), '/HttpServer_USStocks2')]",
            "type": "Microsoft.DataFactory/factories/linkedServices",
            "apiVersion": "2018-06-01",
            "properties": {
                "annotations": [],
                "type": "HttpServer",
                "typeProperties": {
                    "url": "[parameters('HttpServer_USStocks2_properties_typeProperties_url')]",
                    "enableServerCertificateValidation": true,
                    "authenticationType": "Anonymous"
                }
            },
            "dependsOn": []
        },
        {
            "name": "[concat(parameters('factoryName'), '/HttpServer_HKStocks')]",
            "type": "Microsoft.DataFactory/factories/linkedServices",
            "apiVersion": "2018-06-01",
            "properties": {
                "annotations": [],
                "type": "HttpServer",
                "typeProperties": {
                    "url": "[parameters('HttpServer_HKStocks_properties_typeProperties_url')]",
                    "enableServerCertificateValidation": true,
                    "authenticationType": "Anonymous"
                }
            },
            "dependsOn": []
        },
        {
            "name": "[concat(parameters('factoryName'), '/HttpServer_LNStocks')]",
            "type": "Microsoft.DataFactory/factories/linkedServices",
            "apiVersion": "2018-06-01",
            "properties": {
                "annotations": [],
                "type": "HttpServer",
                "typeProperties": {
                    "url": "[parameters('HttpServer_LNStocks_properties_typeProperties_url')]",
                    "enableServerCertificateValidation": true,
                    "authenticationType": "Anonymous"
                }
            },
            "dependsOn": []
        },
        {
            "name": "[concat(parameters('factoryName'), '/HttpServer_CNStocks')]",
            "type": "Microsoft.DataFactory/factories/linkedServices",
            "apiVersion": "2018-06-01",
            "properties": {
                "annotations": [],
                "type": "HttpServer",
                "typeProperties": {
                    "url": "[parameters('HttpServer_CNStocks_properties_typeProperties_url')]",
                    "enableServerCertificateValidation": true,
                    "authenticationType": "Anonymous"
                }
            },
            "dependsOn": []
        },
        {
            "name": "[concat(parameters('factoryName'), '/AzureBlobStorageCluster')]",
            "type": "Microsoft.DataFactory/factories/linkedServices",
            "apiVersion": "2018-06-01",
            "properties": {
                "annotations": [],
                "type": "AzureBlobStorage",
                "typeProperties": {
                    "connectionString": "[parameters('AzureBlobStorageCluster_connectionString')]"
                }
            },
            "dependsOn": []
        },
        {
            "name": "[concat(parameters('factoryName'), '/AzureTableStorage')]",
            "type": "Microsoft.DataFactory/factories/linkedServices",
            "apiVersion": "2018-06-01",
            "properties": {
                "annotations": [],
                "type": "AzureTableStorage",
                "typeProperties": {
                    "connectionString": "[parameters('AzureTableStorage_connectionString')]"
                }
            },
            "dependsOn": []
        },
        {
            "name": "[concat(parameters('factoryName'), '/ConsolDailyPriceSink')]",
            "type": "Microsoft.DataFactory/factories/datasets",
            "apiVersion": "2018-06-01",
            "properties": {
                "linkedServiceName": {
                    "referenceName": "AzureBlobStorage1",
                    "type": "LinkedServiceReference"
                },
                "annotations": [],
                "type": "DelimitedText",
                "typeProperties": {
                    "location": {
                        "type": "AzureBlobStorageLocation",
                        "container": "transform"
                    },
                    "columnDelimiter": ",",
                    "escapeChar": "\\",
                    "firstRowAsHeader": true,
                    "quoteChar": "\""
                },
                "schema": [
                    {
                        "name": "Symbol",
                        "type": "String"
                    },
                    {
                        "name": "Name",
                        "type": "String"
                    },
                    {
                        "name": "Currency",
                        "type": "String"
                    },
                    {
                        "name": "Price",
                        "type": "String"
                    },
                    {
                        "name": "Price Open",
                        "type": "String"
                    },
                    {
                        "name": "Day High",
                        "type": "String"
                    },
                    {
                        "name": "Day Low",
                        "type": "String"
                    },
                    {
                        "name": "52 Week High",
                        "type": "String"
                    },
                    {
                        "name": "52 Week Low",
                        "type": "String"
                    },
                    {
                        "name": "Day Change",
                        "type": "String"
                    },
                    {
                        "name": "Change %",
                        "type": "String"
                    },
                    {
                        "name": "Close Yesterday",
                        "type": "String"
                    },
                    {
                        "name": "Market Cap",
                        "type": "String"
                    },
                    {
                        "name": "Volume",
                        "type": "String"
                    },
                    {
                        "name": "Volume Avg",
                        "type": "String"
                    },
                    {
                        "name": "Shares",
                        "type": "String"
                    },
                    {
                        "name": "Stock Exchange Long",
                        "type": "String"
                    },
                    {
                        "name": "Stock Exchange Short",
                        "type": "String"
                    },
                    {
                        "name": "Timezone",
                        "type": "String"
                    },
                    {
                        "name": "Timezone Name",
                        "type": "String"
                    },
                    {
                        "name": "GMT Offset",
                        "type": "String"
                    },
                    {
                        "name": "Last Trade Time",
                        "type": "String"
                    },
                    {
                        "name": "PE",
                        "type": "String"
                    },
                    {
                        "name": "EPS",
                        "type": "String"
                    }
                ]
            },
            "dependsOn": [
                "[concat(variables('factoryId'), '/linkedServices/AzureBlobStorage1')]"
            ]
        },
        {
            "name": "[concat(parameters('factoryName'), '/MergedPriceSink')]",
            "type": "Microsoft.DataFactory/factories/datasets",
            "apiVersion": "2018-06-01",
            "properties": {
                "linkedServiceName": {
                    "referenceName": "AzureBlobStorage1",
                    "type": "LinkedServiceReference"
                },
                "annotations": [],
                "type": "DelimitedText",
                "typeProperties": {
                    "location": {
                        "type": "AzureBlobStorageLocation",
                        "container": "transform"
                    },
                    "columnDelimiter": ",",
                    "escapeChar": "\\",
                    "firstRowAsHeader": true,
                    "quoteChar": "\""
                },
                "schema": []
            },
            "dependsOn": [
                "[concat(variables('factoryId'), '/linkedServices/AzureBlobStorage1')]"
            ]
        },
        {
            "name": "[concat(parameters('factoryName'), '/HistPriceFile')]",
            "type": "Microsoft.DataFactory/factories/datasets",
            "apiVersion": "2018-06-01",
            "properties": {
                "linkedServiceName": {
                    "referenceName": "AzureBlobStorage1",
                    "type": "LinkedServiceReference"
                },
                "annotations": [],
                "type": "DelimitedText",
                "typeProperties": {
                    "location": {
                        "type": "AzureBlobStorageLocation",
                        "fileName": "stockdata_small.csv",
                        "container": "datastore"
                    },
                    "columnDelimiter": ",",
                    "escapeChar": "\\",
                    "firstRowAsHeader": true,
                    "quoteChar": "\""
                },
                "schema": [
                    {
                        "name": "Ticker",
                        "type": "String"
                    },
                    {
                        "name": "Name",
                        "type": "String"
                    },
                    {
                        "name": "Price",
                        "type": "String"
                    },
                    {
                        "name": "PxChange",
                        "type": "String"
                    },
                    {
                        "name": "Date",
                        "type": "String"
                    }
                ]
            },
            "dependsOn": [
                "[concat(variables('factoryId'), '/linkedServices/AzureBlobStorage1')]"
            ]
        },
        {
            "name": "[concat(parameters('factoryName'), '/ConsolDailyPriceFile')]",
            "type": "Microsoft.DataFactory/factories/datasets",
            "apiVersion": "2018-06-01",
            "properties": {
                "linkedServiceName": {
                    "referenceName": "AzureBlobStorage1",
                    "type": "LinkedServiceReference"
                },
                "annotations": [],
                "type": "DelimitedText",
                "typeProperties": {
                    "location": {
                        "type": "AzureBlobStorageLocation",
                        "fileName": "worldtradingdata-realtimeprices.csv",
                        "container": "ingestion"
                    },
                    "columnDelimiter": ",",
                    "escapeChar": "\\",
                    "firstRowAsHeader": true,
                    "quoteChar": "\""
                },
                "schema": [
                    {
                        "name": "Symbol",
                        "type": "String"
                    },
                    {
                        "name": "Name",
                        "type": "String"
                    },
                    {
                        "name": "Currency",
                        "type": "String"
                    },
                    {
                        "name": "Price",
                        "type": "String"
                    },
                    {
                        "name": "Price Open",
                        "type": "String"
                    },
                    {
                        "name": "Day High",
                        "type": "String"
                    },
                    {
                        "name": "Day Low",
                        "type": "String"
                    },
                    {
                        "name": "52 Week High",
                        "type": "String"
                    },
                    {
                        "name": "52 Week Low",
                        "type": "String"
                    },
                    {
                        "name": "Day Change",
                        "type": "String"
                    },
                    {
                        "name": "Change %",
                        "type": "String"
                    },
                    {
                        "name": "Close Yesterday",
                        "type": "String"
                    },
                    {
                        "name": "Market Cap",
                        "type": "String"
                    },
                    {
                        "name": "Volume",
                        "type": "String"
                    },
                    {
                        "name": "Volume Avg",
                        "type": "String"
                    },
                    {
                        "name": "Shares",
                        "type": "String"
                    },
                    {
                        "name": "Stock Exchange Long",
                        "type": "String"
                    },
                    {
                        "name": "Stock Exchange Short",
                        "type": "String"
                    },
                    {
                        "name": "Timezone",
                        "type": "String"
                    },
                    {
                        "name": "Timezone Name",
                        "type": "String"
                    },
                    {
                        "name": "GMT Offset",
                        "type": "String"
                    },
                    {
                        "name": "Last Trade Time",
                        "type": "String"
                    },
                    {
                        "name": "PE",
                        "type": "String"
                    },
                    {
                        "name": "EPS",
                        "type": "String"
                    }
                ]
            },
            "dependsOn": [
                "[concat(variables('factoryId'), '/linkedServices/AzureBlobStorage1')]"
            ]
        },
        {
            "name": "[concat(parameters('factoryName'), '/HTTP_Source_US2')]",
            "type": "Microsoft.DataFactory/factories/datasets",
            "apiVersion": "2018-06-01",
            "properties": {
                "linkedServiceName": {
                    "referenceName": "HttpServer_USStocks2",
                    "type": "LinkedServiceReference"
                },
                "annotations": [],
                "type": "DelimitedText",
                "typeProperties": {
                    "location": {
                        "type": "HttpServerLocation"
                    },
                    "columnDelimiter": ",",
                    "escapeChar": "\\",
                    "firstRowAsHeader": true,
                    "quoteChar": "\""
                },
                "schema": [
                    {
                        "name": "Symbol",
                        "type": "String"
                    },
                    {
                        "name": "Name",
                        "type": "String"
                    },
                    {
                        "name": "Currency",
                        "type": "String"
                    },
                    {
                        "name": "Price",
                        "type": "String"
                    },
                    {
                        "name": "Price Open",
                        "type": "String"
                    },
                    {
                        "name": "Day High",
                        "type": "String"
                    },
                    {
                        "name": "Day Low",
                        "type": "String"
                    },
                    {
                        "name": "52 Week High",
                        "type": "String"
                    },
                    {
                        "name": "52 Week Low",
                        "type": "String"
                    },
                    {
                        "name": "Day Change",
                        "type": "String"
                    },
                    {
                        "name": "Change %",
                        "type": "String"
                    },
                    {
                        "name": "Close Yesterday",
                        "type": "String"
                    },
                    {
                        "name": "Market Cap",
                        "type": "String"
                    },
                    {
                        "name": "Volume",
                        "type": "String"
                    },
                    {
                        "name": "Volume Avg",
                        "type": "String"
                    },
                    {
                        "name": "Shares",
                        "type": "String"
                    },
                    {
                        "name": "Stock Exchange Long",
                        "type": "String"
                    },
                    {
                        "name": "Stock Exchange Short",
                        "type": "String"
                    },
                    {
                        "name": "Timezone",
                        "type": "String"
                    },
                    {
                        "name": "Timezone Name",
                        "type": "String"
                    },
                    {
                        "name": "GMT Offset",
                        "type": "String"
                    },
                    {
                        "name": "Last Trade Time",
                        "type": "String"
                    },
                    {
                        "name": "PE",
                        "type": "String"
                    },
                    {
                        "name": "EPS",
                        "type": "String"
                    }
                ]
            },
            "dependsOn": [
                "[concat(variables('factoryId'), '/linkedServices/HttpServer_USStocks2')]"
            ]
        },
        {
            "name": "[concat(parameters('factoryName'), '/HTTP_Source_US1')]",
            "type": "Microsoft.DataFactory/factories/datasets",
            "apiVersion": "2018-06-01",
            "properties": {
                "linkedServiceName": {
                    "referenceName": "HttpServer_USStocks",
                    "type": "LinkedServiceReference"
                },
                "annotations": [],
                "type": "DelimitedText",
                "typeProperties": {
                    "location": {
                        "type": "HttpServerLocation"
                    },
                    "columnDelimiter": ",",
                    "escapeChar": "\\",
                    "firstRowAsHeader": true,
                    "quoteChar": "\""
                },
                "schema": [
                    {
                        "name": "Symbol",
                        "type": "String"
                    },
                    {
                        "name": "Name",
                        "type": "String"
                    },
                    {
                        "name": "Currency",
                        "type": "String"
                    },
                    {
                        "name": "Price",
                        "type": "String"
                    },
                    {
                        "name": "Price Open",
                        "type": "String"
                    },
                    {
                        "name": "Day High",
                        "type": "String"
                    },
                    {
                        "name": "Day Low",
                        "type": "String"
                    },
                    {
                        "name": "52 Week High",
                        "type": "String"
                    },
                    {
                        "name": "52 Week Low",
                        "type": "String"
                    },
                    {
                        "name": "Day Change",
                        "type": "String"
                    },
                    {
                        "name": "Change %",
                        "type": "String"
                    },
                    {
                        "name": "Close Yesterday",
                        "type": "String"
                    },
                    {
                        "name": "Market Cap",
                        "type": "String"
                    },
                    {
                        "name": "Volume",
                        "type": "String"
                    },
                    {
                        "name": "Volume Avg",
                        "type": "String"
                    },
                    {
                        "name": "Shares",
                        "type": "String"
                    },
                    {
                        "name": "Stock Exchange Long",
                        "type": "String"
                    },
                    {
                        "name": "Stock Exchange Short",
                        "type": "String"
                    },
                    {
                        "name": "Timezone",
                        "type": "String"
                    },
                    {
                        "name": "Timezone Name",
                        "type": "String"
                    },
                    {
                        "name": "GMT Offset",
                        "type": "String"
                    },
                    {
                        "name": "Last Trade Time",
                        "type": "String"
                    },
                    {
                        "name": "PE",
                        "type": "String"
                    },
                    {
                        "name": "EPS",
                        "type": "String"
                    }
                ]
            },
            "dependsOn": [
                "[concat(variables('factoryId'), '/linkedServices/HttpServer_USStocks')]"
            ]
        },
        {
            "name": "[concat(parameters('factoryName'), '/HTTP_Source_JP')]",
            "type": "Microsoft.DataFactory/factories/datasets",
            "apiVersion": "2018-06-01",
            "properties": {
                "linkedServiceName": {
                    "referenceName": "HttpServer_JPStocks",
                    "type": "LinkedServiceReference"
                },
                "annotations": [],
                "type": "DelimitedText",
                "typeProperties": {
                    "location": {
                        "type": "HttpServerLocation"
                    },
                    "columnDelimiter": ",",
                    "escapeChar": "\\",
                    "firstRowAsHeader": true,
                    "quoteChar": "\""
                },
                "schema": [
                    {
                        "name": "Symbol",
                        "type": "String"
                    },
                    {
                        "name": "Name",
                        "type": "String"
                    },
                    {
                        "name": "Currency",
                        "type": "String"
                    },
                    {
                        "name": "Price",
                        "type": "String"
                    },
                    {
                        "name": "Price Open",
                        "type": "String"
                    },
                    {
                        "name": "Day High",
                        "type": "String"
                    },
                    {
                        "name": "Day Low",
                        "type": "String"
                    },
                    {
                        "name": "52 Week High",
                        "type": "String"
                    },
                    {
                        "name": "52 Week Low",
                        "type": "String"
                    },
                    {
                        "name": "Day Change",
                        "type": "String"
                    },
                    {
                        "name": "Change %",
                        "type": "String"
                    },
                    {
                        "name": "Close Yesterday",
                        "type": "String"
                    },
                    {
                        "name": "Market Cap",
                        "type": "String"
                    },
                    {
                        "name": "Volume",
                        "type": "String"
                    },
                    {
                        "name": "Volume Avg",
                        "type": "String"
                    },
                    {
                        "name": "Shares",
                        "type": "String"
                    },
                    {
                        "name": "Stock Exchange Long",
                        "type": "String"
                    },
                    {
                        "name": "Stock Exchange Short",
                        "type": "String"
                    },
                    {
                        "name": "Timezone",
                        "type": "String"
                    },
                    {
                        "name": "Timezone Name",
                        "type": "String"
                    },
                    {
                        "name": "GMT Offset",
                        "type": "String"
                    },
                    {
                        "name": "Last Trade Time",
                        "type": "String"
                    },
                    {
                        "name": "PE",
                        "type": "String"
                    },
                    {
                        "name": "EPS",
                        "type": "String"
                    }
                ]
            },
            "dependsOn": [
                "[concat(variables('factoryId'), '/linkedServices/HttpServer_JPStocks')]"
            ]
        },
        {
            "name": "[concat(parameters('factoryName'), '/HTTP_Source_HK')]",
            "type": "Microsoft.DataFactory/factories/datasets",
            "apiVersion": "2018-06-01",
            "properties": {
                "linkedServiceName": {
                    "referenceName": "HttpServer_HKStocks",
                    "type": "LinkedServiceReference"
                },
                "annotations": [],
                "type": "DelimitedText",
                "typeProperties": {
                    "location": {
                        "type": "HttpServerLocation"
                    },
                    "columnDelimiter": ",",
                    "escapeChar": "\\",
                    "firstRowAsHeader": true,
                    "quoteChar": "\""
                },
                "schema": [
                    {
                        "name": "Symbol",
                        "type": "String"
                    },
                    {
                        "name": "Name",
                        "type": "String"
                    },
                    {
                        "name": "Currency",
                        "type": "String"
                    },
                    {
                        "name": "Price",
                        "type": "String"
                    },
                    {
                        "name": "Price Open",
                        "type": "String"
                    },
                    {
                        "name": "Day High",
                        "type": "String"
                    },
                    {
                        "name": "Day Low",
                        "type": "String"
                    },
                    {
                        "name": "52 Week High",
                        "type": "String"
                    },
                    {
                        "name": "52 Week Low",
                        "type": "String"
                    },
                    {
                        "name": "Day Change",
                        "type": "String"
                    },
                    {
                        "name": "Change %",
                        "type": "String"
                    },
                    {
                        "name": "Close Yesterday",
                        "type": "String"
                    },
                    {
                        "name": "Market Cap",
                        "type": "String"
                    },
                    {
                        "name": "Volume",
                        "type": "String"
                    },
                    {
                        "name": "Volume Avg",
                        "type": "String"
                    },
                    {
                        "name": "Shares",
                        "type": "String"
                    },
                    {
                        "name": "Stock Exchange Long",
                        "type": "String"
                    },
                    {
                        "name": "Stock Exchange Short",
                        "type": "String"
                    },
                    {
                        "name": "Timezone",
                        "type": "String"
                    },
                    {
                        "name": "Timezone Name",
                        "type": "String"
                    },
                    {
                        "name": "GMT Offset",
                        "type": "String"
                    },
                    {
                        "name": "Last Trade Time",
                        "type": "String"
                    },
                    {
                        "name": "PE",
                        "type": "String"
                    },
                    {
                        "name": "EPS",
                        "type": "String"
                    }
                ]
            },
            "dependsOn": [
                "[concat(variables('factoryId'), '/linkedServices/HttpServer_HKStocks')]"
            ]
        },
        {
            "name": "[concat(parameters('factoryName'), '/HTTP_Source_CN')]",
            "type": "Microsoft.DataFactory/factories/datasets",
            "apiVersion": "2018-06-01",
            "properties": {
                "linkedServiceName": {
                    "referenceName": "HttpServer_CNStocks",
                    "type": "LinkedServiceReference"
                },
                "annotations": [],
                "type": "DelimitedText",
                "typeProperties": {
                    "location": {
                        "type": "HttpServerLocation"
                    },
                    "columnDelimiter": ",",
                    "escapeChar": "\\",
                    "firstRowAsHeader": true,
                    "quoteChar": "\""
                },
                "schema": [
                    {
                        "name": "Symbol",
                        "type": "String"
                    },
                    {
                        "name": "Name",
                        "type": "String"
                    },
                    {
                        "name": "Currency",
                        "type": "String"
                    },
                    {
                        "name": "Price",
                        "type": "String"
                    },
                    {
                        "name": "Price Open",
                        "type": "String"
                    },
                    {
                        "name": "Day High",
                        "type": "String"
                    },
                    {
                        "name": "Day Low",
                        "type": "String"
                    },
                    {
                        "name": "52 Week High",
                        "type": "String"
                    },
                    {
                        "name": "52 Week Low",
                        "type": "String"
                    },
                    {
                        "name": "Day Change",
                        "type": "String"
                    },
                    {
                        "name": "Change %",
                        "type": "String"
                    },
                    {
                        "name": "Close Yesterday",
                        "type": "String"
                    },
                    {
                        "name": "Market Cap",
                        "type": "String"
                    },
                    {
                        "name": "Volume",
                        "type": "String"
                    },
                    {
                        "name": "Volume Avg",
                        "type": "String"
                    },
                    {
                        "name": "Shares",
                        "type": "String"
                    },
                    {
                        "name": "Stock Exchange Long",
                        "type": "String"
                    },
                    {
                        "name": "Stock Exchange Short",
                        "type": "String"
                    },
                    {
                        "name": "Timezone",
                        "type": "String"
                    },
                    {
                        "name": "Timezone Name",
                        "type": "String"
                    },
                    {
                        "name": "GMT Offset",
                        "type": "String"
                    },
                    {
                        "name": "Last Trade Time",
                        "type": "String"
                    },
                    {
                        "name": "PE",
                        "type": "String"
                    },
                    {
                        "name": "EPS",
                        "type": "String"
                    }
                ]
            },
            "dependsOn": [
                "[concat(variables('factoryId'), '/linkedServices/HttpServer_CNStocks')]"
            ]
        },
        {
            "name": "[concat(parameters('factoryName'), '/IngestStockPrice_US')]",
            "type": "Microsoft.DataFactory/factories/datasets",
            "apiVersion": "2018-06-01",
            "properties": {
                "linkedServiceName": {
                    "referenceName": "AzureBlobStorage1",
                    "type": "LinkedServiceReference"
                },
                "annotations": [],
                "type": "DelimitedText",
                "typeProperties": {
                    "location": {
                        "type": "AzureBlobStorageLocation",
                        "fileName": "US_realtimeprices1.csv",
                        "container": "ingestion"
                    },
                    "columnDelimiter": ",",
                    "escapeChar": "\\",
                    "firstRowAsHeader": true,
                    "quoteChar": "\""
                },
                "schema": [
                    {
                        "name": "Symbol",
                        "type": "String"
                    },
                    {
                        "name": "Name",
                        "type": "String"
                    },
                    {
                        "name": "Currency",
                        "type": "String"
                    },
                    {
                        "name": "Price",
                        "type": "String"
                    },
                    {
                        "name": "Price Open",
                        "type": "String"
                    },
                    {
                        "name": "Day High",
                        "type": "String"
                    },
                    {
                        "name": "Day Low",
                        "type": "String"
                    },
                    {
                        "name": "52 Week High",
                        "type": "String"
                    },
                    {
                        "name": "52 Week Low",
                        "type": "String"
                    },
                    {
                        "name": "Day Change",
                        "type": "String"
                    },
                    {
                        "name": "Change %",
                        "type": "String"
                    },
                    {
                        "name": "Close Yesterday",
                        "type": "String"
                    },
                    {
                        "name": "Market Cap",
                        "type": "String"
                    },
                    {
                        "name": "Volume",
                        "type": "String"
                    },
                    {
                        "name": "Volume Avg",
                        "type": "String"
                    },
                    {
                        "name": "Shares",
                        "type": "String"
                    },
                    {
                        "name": "Stock Exchange Long",
                        "type": "String"
                    },
                    {
                        "name": "Stock Exchange Short",
                        "type": "String"
                    },
                    {
                        "name": "Timezone",
                        "type": "String"
                    },
                    {
                        "name": "Timezone Name",
                        "type": "String"
                    },
                    {
                        "name": "GMT Offset",
                        "type": "String"
                    },
                    {
                        "name": "Last Trade Time",
                        "type": "String"
                    },
                    {
                        "name": "PE",
                        "type": "String"
                    },
                    {
                        "name": "EPS",
                        "type": "String"
                    }
                ]
            },
            "dependsOn": [
                "[concat(variables('factoryId'), '/linkedServices/AzureBlobStorage1')]"
            ]
        },
        {
            "name": "[concat(parameters('factoryName'), '/IngestStockPrice_JP')]",
            "type": "Microsoft.DataFactory/factories/datasets",
            "apiVersion": "2018-06-01",
            "properties": {
                "linkedServiceName": {
                    "referenceName": "AzureBlobStorage1",
                    "type": "LinkedServiceReference"
                },
                "annotations": [],
                "type": "DelimitedText",
                "typeProperties": {
                    "location": {
                        "type": "AzureBlobStorageLocation",
                        "fileName": "JP_realtimeprices.csv",
                        "container": "ingestion"
                    },
                    "columnDelimiter": ",",
                    "escapeChar": "\\",
                    "firstRowAsHeader": true,
                    "quoteChar": "\""
                },
                "schema": [
                    {
                        "name": "Symbol",
                        "type": "String"
                    },
                    {
                        "name": "Name",
                        "type": "String"
                    },
                    {
                        "name": "Currency",
                        "type": "String"
                    },
                    {
                        "name": "Price",
                        "type": "String"
                    },
                    {
                        "name": "Price Open",
                        "type": "String"
                    },
                    {
                        "name": "Day High",
                        "type": "String"
                    },
                    {
                        "name": "Day Low",
                        "type": "String"
                    },
                    {
                        "name": "52 Week High",
                        "type": "String"
                    },
                    {
                        "name": "52 Week Low",
                        "type": "String"
                    },
                    {
                        "name": "Day Change",
                        "type": "String"
                    },
                    {
                        "name": "Change %",
                        "type": "String"
                    },
                    {
                        "name": "Close Yesterday",
                        "type": "String"
                    },
                    {
                        "name": "Market Cap",
                        "type": "String"
                    },
                    {
                        "name": "Volume",
                        "type": "String"
                    },
                    {
                        "name": "Volume Avg",
                        "type": "String"
                    },
                    {
                        "name": "Shares",
                        "type": "String"
                    },
                    {
                        "name": "Stock Exchange Long",
                        "type": "String"
                    },
                    {
                        "name": "Stock Exchange Short",
                        "type": "String"
                    },
                    {
                        "name": "Timezone",
                        "type": "String"
                    },
                    {
                        "name": "Timezone Name",
                        "type": "String"
                    },
                    {
                        "name": "GMT Offset",
                        "type": "String"
                    },
                    {
                        "name": "Last Trade Time",
                        "type": "String"
                    },
                    {
                        "name": "PE",
                        "type": "String"
                    },
                    {
                        "name": "EPS",
                        "type": "String"
                    }
                ]
            },
            "dependsOn": [
                "[concat(variables('factoryId'), '/linkedServices/AzureBlobStorage1')]"
            ]
        }
    ]
}