{
    "$schema": "http://schema.management.azure.com/schemas/2015-01-01/deploymentTemplate.json#",
    "contentVersion": "1.0.0.0",
    "parameters": {
        "factoryName": {
            "type": "string",
            "metadata": "Data Factory name",
            "defaultValue": "bigdataissadf-asia"
        },
        "AzureBlobStorage1_connectionString": {
            "type": "secureString",
            "metadata": "Secure string for 'connectionString' of 'AzureBlobStorage1'"
        },
        "AzureBlobStorageCluster_connectionString": {
            "type": "secureString",
            "metadata": "Secure string for 'connectionString' of 'AzureBlobStorageCluster'"
        },
        "AzureTableStorage_connectionString": {
            "type": "secureString",
            "metadata": "Secure string for 'connectionString' of 'AzureTableStorage'"
        },
        "HttpServer_USStocks_properties_typeProperties_url": {
            "type": "string",
            "defaultValue": "https://api.worldtradingdata.com/api/v1/stock?symbol=AAPL,AMD,CSCO,INTC,MSFT&output=csv&sort=newest&api_token=Ugzrn4rkngGTk5AbVtqUIhbWkep8eeKqRvfH2ZWE7fMAcXLUvIIyCDTIkJKa"
        },
        "HttpServer_JPStocks_properties_typeProperties_url": {
            "type": "string",
            "defaultValue": "https://api.worldtradingdata.com/api/v1/stock?symbol=9984.T,3436.T,4502.T,6098.T,5301.T&output=csv&sort=newest&api_token=Ugzrn4rkngGTk5AbVtqUIhbWkep8eeKqRvfH2ZWE7fMAcXLUvIIyCDTIkJKa"
        },
        "HttpServer_USStocks2_properties_typeProperties_url": {
            "type": "string",
            "defaultValue": "https://api.worldtradingdata.com/api/v1/stock?symbol=MU,CMCSA,SIRI,ZNGA,FB&output=csv&sort=newest&api_token=Ugzrn4rkngGTk5AbVtqUIhbWkep8eeKqRvfH2ZWE7fMAcXLUvIIyCDTIkJKa"
        },
        "HttpServer_HKStocks_properties_typeProperties_url": {
            "type": "string",
            "defaultValue": "https://api.worldtradingdata.com/api/v1/stock?symbol=1398.HK,0386.HK,1093.HK,0883.HK,2628.HK&output=csv&sort=newest&api_token=Ugzrn4rkngGTk5AbVtqUIhbWkep8eeKqRvfH2ZWE7fMAcXLUvIIyCDTIkJKa"
        },
        "HttpServer_LNStocks_properties_typeProperties_url": {
            "type": "string",
            "defaultValue": "https://api.worldtradingdata.com/api/v1/stock?symbol=VOD.L,CNA.L,MNG.L,TSCO.L,RDSA.L&output=csv&sort=newest&api_token=Ugzrn4rkngGTk5AbVtqUIhbWkep8eeKqRvfH2ZWE7fMAcXLUvIIyCDTIkJKa"
        },
        "HttpServer_CNStocks_properties_typeProperties_url": {
            "type": "string",
            "defaultValue": "https://api.worldtradingdata.com/api/v1/stock?symbol=000651.SZ,000333.SZ,000858.SZ,300498.SZ,000002.SZ&output=csv&sort=newest&api_token=Ugzrn4rkngGTk5AbVtqUIhbWkep8eeKqRvfH2ZWE7fMAcXLUvIIyCDTIkJKa"
        },
        "containerUri": {
            "type": "string",
            "metadata": "URI to storage account containing linked ARM templates"
        },
        "containerSasToken": {
            "type": "string",
            "metadata": "Sas token to storage account containing linked ARM templates"
        }
    },
    "variables": {
        "factoryId": "[concat('Microsoft.DataFactory/factories/', parameters('factoryName'))]"
    },
    "resources": [
        {
            "name": "ArmTemplate_0",
            "type": "Microsoft.Resources/deployments",
            "apiVersion": "2018-02-01",
            "properties": {
                "mode": "incremental",
                "templateLink": {
                    "uri": "[concat(parameters('containerUri'), '/ArmTemplate_0.json', parameters('containerSasToken'))]",
                    "contentVersion": "1.0.0.0"
                },
                "parameters": {
                    "factoryName": {
                        "value": "[parameters('factoryName')]"
                    },
                    "AzureBlobStorage1_connectionString": {
                        "value": "[parameters('AzureBlobStorage1_connectionString')]"
                    },
                    "AzureBlobStorageCluster_connectionString": {
                        "value": "[parameters('AzureBlobStorageCluster_connectionString')]"
                    },
                    "AzureTableStorage_connectionString": {
                        "value": "[parameters('AzureTableStorage_connectionString')]"
                    },
                    "HttpServer_USStocks_properties_typeProperties_url": {
                        "value": "[parameters('HttpServer_USStocks_properties_typeProperties_url')]"
                    },
                    "HttpServer_JPStocks_properties_typeProperties_url": {
                        "value": "[parameters('HttpServer_JPStocks_properties_typeProperties_url')]"
                    },
                    "HttpServer_USStocks2_properties_typeProperties_url": {
                        "value": "[parameters('HttpServer_USStocks2_properties_typeProperties_url')]"
                    },
                    "HttpServer_HKStocks_properties_typeProperties_url": {
                        "value": "[parameters('HttpServer_HKStocks_properties_typeProperties_url')]"
                    },
                    "HttpServer_LNStocks_properties_typeProperties_url": {
                        "value": "[parameters('HttpServer_LNStocks_properties_typeProperties_url')]"
                    },
                    "HttpServer_CNStocks_properties_typeProperties_url": {
                        "value": "[parameters('HttpServer_CNStocks_properties_typeProperties_url')]"
                    }
                }
            },
            "dependsOn": []
        },
        {
            "name": "ArmTemplate_1",
            "type": "Microsoft.Resources/deployments",
            "apiVersion": "2018-02-01",
            "properties": {
                "mode": "incremental",
                "templateLink": {
                    "uri": "[concat(parameters('containerUri'), '/ArmTemplate_1.json', parameters('containerSasToken'))]",
                    "contentVersion": "1.0.0.0"
                },
                "parameters": {
                    "factoryName": {
                        "value": "[parameters('factoryName')]"
                    }
                }
            },
            "dependsOn": [
                "[resourceId('Microsoft.Resources/deployments', 'ArmTemplate_0')]"
            ]
        },
        {
            "name": "ArmTemplate_2",
            "type": "Microsoft.Resources/deployments",
            "apiVersion": "2018-02-01",
            "properties": {
                "mode": "incremental",
                "templateLink": {
                    "uri": "[concat(parameters('containerUri'), '/ArmTemplate_2.json', parameters('containerSasToken'))]",
                    "contentVersion": "1.0.0.0"
                },
                "parameters": {
                    "factoryName": {
                        "value": "[parameters('factoryName')]"
                    }
                }
            },
            "dependsOn": [
                "[resourceId('Microsoft.Resources/deployments', 'ArmTemplate_1')]"
            ]
        }
    ]
}