{
    "$schema": "http://schema.management.azure.com/schemas/2015-01-01/deploymentTemplate.json#",
    "contentVersion": "1.0.0.0",
    "parameters": {
        "factoryName": {
            "type": "string",
            "metadata": "Data Factory name",
            "defaultValue": "bigdataissadf-asia"
        }
    },
    "variables": {
        "factoryId": "[concat('Microsoft.DataFactory/factories/', parameters('factoryName'))]"
    },
    "resources": [
        {
            "name": "[concat(parameters('factoryName'), '/IngestStockPrice_US2')]",
            "type": "Microsoft.DataFactory/factories/datasets",
            "apiVersion": "2018-06-01",
            "properties": {
                "linkedServiceName": {
                    "referenceName": "AzureBlobStorage1",
                    "type": "LinkedServiceReference"
                },
                "annotations": [],
                "type": "DelimitedText",
                "typeProperties": {
                    "location": {
                        "type": "AzureBlobStorageLocation",
                        "fileName": "US_realtimeprices2.csv",
                        "container": "ingestion"
                    },
                    "columnDelimiter": ",",
                    "escapeChar": "\\",
                    "firstRowAsHeader": true,
                    "quoteChar": "\""
                },
                "schema": [
                    {
                        "name": "Symbol",
                        "type": "String"
                    },
                    {
                        "name": "Name",
                        "type": "String"
                    },
                    {
                        "name": "Currency",
                        "type": "String"
                    },
                    {
                        "name": "Price",
                        "type": "String"
                    },
                    {
                        "name": "Price Open",
                        "type": "String"
                    },
                    {
                        "name": "Day High",
                        "type": "String"
                    },
                    {
                        "name": "Day Low",
                        "type": "String"
                    },
                    {
                        "name": "52 Week High",
                        "type": "String"
                    },
                    {
                        "name": "52 Week Low",
                        "type": "String"
                    },
                    {
                        "name": "Day Change",
                        "type": "String"
                    },
                    {
                        "name": "Change %",
                        "type": "String"
                    },
                    {
                        "name": "Close Yesterday",
                        "type": "String"
                    },
                    {
                        "name": "Market Cap",
                        "type": "String"
                    },
                    {
                        "name": "Volume",
                        "type": "String"
                    },
                    {
                        "name": "Volume Avg",
                        "type": "String"
                    },
                    {
                        "name": "Shares",
                        "type": "String"
                    },
                    {
                        "name": "Stock Exchange Long",
                        "type": "String"
                    },
                    {
                        "name": "Stock Exchange Short",
                        "type": "String"
                    },
                    {
                        "name": "Timezone",
                        "type": "String"
                    },
                    {
                        "name": "Timezone Name",
                        "type": "String"
                    },
                    {
                        "name": "GMT Offset",
                        "type": "String"
                    },
                    {
                        "name": "Last Trade Time",
                        "type": "String"
                    },
                    {
                        "name": "PE",
                        "type": "String"
                    },
                    {
                        "name": "EPS",
                        "type": "String"
                    }
                ]
            },
            "dependsOn": []
        },
        {
            "name": "[concat(parameters('factoryName'), '/IngestStockPrice_HK')]",
            "type": "Microsoft.DataFactory/factories/datasets",
            "apiVersion": "2018-06-01",
            "properties": {
                "linkedServiceName": {
                    "referenceName": "AzureBlobStorage1",
                    "type": "LinkedServiceReference"
                },
                "annotations": [],
                "type": "DelimitedText",
                "typeProperties": {
                    "location": {
                        "type": "AzureBlobStorageLocation",
                        "fileName": "HK_realtimeprices.csv",
                        "container": "ingestion"
                    },
                    "columnDelimiter": ",",
                    "escapeChar": "\\",
                    "firstRowAsHeader": true,
                    "quoteChar": "\""
                },
                "schema": [
                    {
                        "name": "Symbol",
                        "type": "String"
                    },
                    {
                        "name": "Name",
                        "type": "String"
                    },
                    {
                        "name": "Currency",
                        "type": "String"
                    },
                    {
                        "name": "Price",
                        "type": "String"
                    },
                    {
                        "name": "Price Open",
                        "type": "String"
                    },
                    {
                        "name": "Day High",
                        "type": "String"
                    },
                    {
                        "name": "Day Low",
                        "type": "String"
                    },
                    {
                        "name": "52 Week High",
                        "type": "String"
                    },
                    {
                        "name": "52 Week Low",
                        "type": "String"
                    },
                    {
                        "name": "Day Change",
                        "type": "String"
                    },
                    {
                        "name": "Change %",
                        "type": "String"
                    },
                    {
                        "name": "Close Yesterday",
                        "type": "String"
                    },
                    {
                        "name": "Market Cap",
                        "type": "String"
                    },
                    {
                        "name": "Volume",
                        "type": "String"
                    },
                    {
                        "name": "Volume Avg",
                        "type": "String"
                    },
                    {
                        "name": "Shares",
                        "type": "String"
                    },
                    {
                        "name": "Stock Exchange Long",
                        "type": "String"
                    },
                    {
                        "name": "Stock Exchange Short",
                        "type": "String"
                    },
                    {
                        "name": "Timezone",
                        "type": "String"
                    },
                    {
                        "name": "Timezone Name",
                        "type": "String"
                    },
                    {
                        "name": "GMT Offset",
                        "type": "String"
                    },
                    {
                        "name": "Last Trade Time",
                        "type": "String"
                    },
                    {
                        "name": "PE",
                        "type": "String"
                    },
                    {
                        "name": "EPS",
                        "type": "String"
                    }
                ]
            },
            "dependsOn": []
        },
        {
            "name": "[concat(parameters('factoryName'), '/IngestStockPrice_CN')]",
            "type": "Microsoft.DataFactory/factories/datasets",
            "apiVersion": "2018-06-01",
            "properties": {
                "linkedServiceName": {
                    "referenceName": "AzureBlobStorage1",
                    "type": "LinkedServiceReference"
                },
                "annotations": [],
                "type": "DelimitedText",
                "typeProperties": {
                    "location": {
                        "type": "AzureBlobStorageLocation",
                        "fileName": "CN_realtimeprices.csv",
                        "container": "ingestion"
                    },
                    "columnDelimiter": ",",
                    "escapeChar": "\\",
                    "firstRowAsHeader": true,
                    "quoteChar": "\""
                },
                "schema": [
                    {
                        "name": "Symbol",
                        "type": "String"
                    },
                    {
                        "name": "Name",
                        "type": "String"
                    },
                    {
                        "name": "Currency",
                        "type": "String"
                    },
                    {
                        "name": "Price",
                        "type": "String"
                    },
                    {
                        "name": "Price Open",
                        "type": "String"
                    },
                    {
                        "name": "Day High",
                        "type": "String"
                    },
                    {
                        "name": "Day Low",
                        "type": "String"
                    },
                    {
                        "name": "52 Week High",
                        "type": "String"
                    },
                    {
                        "name": "52 Week Low",
                        "type": "String"
                    },
                    {
                        "name": "Day Change",
                        "type": "String"
                    },
                    {
                        "name": "Change %",
                        "type": "String"
                    },
                    {
                        "name": "Close Yesterday",
                        "type": "String"
                    },
                    {
                        "name": "Market Cap",
                        "type": "String"
                    },
                    {
                        "name": "Volume",
                        "type": "String"
                    },
                    {
                        "name": "Volume Avg",
                        "type": "String"
                    },
                    {
                        "name": "Shares",
                        "type": "String"
                    },
                    {
                        "name": "Stock Exchange Long",
                        "type": "String"
                    },
                    {
                        "name": "Stock Exchange Short",
                        "type": "String"
                    },
                    {
                        "name": "Timezone",
                        "type": "String"
                    },
                    {
                        "name": "Timezone Name",
                        "type": "String"
                    },
                    {
                        "name": "GMT Offset",
                        "type": "String"
                    },
                    {
                        "name": "Last Trade Time",
                        "type": "String"
                    },
                    {
                        "name": "PE",
                        "type": "String"
                    },
                    {
                        "name": "EPS",
                        "type": "String"
                    }
                ]
            },
            "dependsOn": []
        },
        {
            "name": "[concat(parameters('factoryName'), '/IngestStockPrice_UK')]",
            "type": "Microsoft.DataFactory/factories/datasets",
            "apiVersion": "2018-06-01",
            "properties": {
                "linkedServiceName": {
                    "referenceName": "AzureBlobStorage1",
                    "type": "LinkedServiceReference"
                },
                "annotations": [],
                "type": "DelimitedText",
                "typeProperties": {
                    "location": {
                        "type": "AzureBlobStorageLocation",
                        "fileName": "UK_realtimeprices.csv",
                        "container": "ingestion"
                    },
                    "columnDelimiter": ",",
                    "escapeChar": "\\",
                    "firstRowAsHeader": true,
                    "quoteChar": "\""
                },
                "schema": [
                    {
                        "name": "Symbol",
                        "type": "String"
                    },
                    {
                        "name": "Name",
                        "type": "String"
                    },
                    {
                        "name": "Currency",
                        "type": "String"
                    },
                    {
                        "name": "Price",
                        "type": "String"
                    },
                    {
                        "name": "Price Open",
                        "type": "String"
                    },
                    {
                        "name": "Day High",
                        "type": "String"
                    },
                    {
                        "name": "Day Low",
                        "type": "String"
                    },
                    {
                        "name": "52 Week High",
                        "type": "String"
                    },
                    {
                        "name": "52 Week Low",
                        "type": "String"
                    },
                    {
                        "name": "Day Change",
                        "type": "String"
                    },
                    {
                        "name": "Change %",
                        "type": "String"
                    },
                    {
                        "name": "Close Yesterday",
                        "type": "String"
                    },
                    {
                        "name": "Market Cap",
                        "type": "String"
                    },
                    {
                        "name": "Volume",
                        "type": "String"
                    },
                    {
                        "name": "Volume Avg",
                        "type": "String"
                    },
                    {
                        "name": "Shares",
                        "type": "String"
                    },
                    {
                        "name": "Stock Exchange Long",
                        "type": "String"
                    },
                    {
                        "name": "Stock Exchange Short",
                        "type": "String"
                    },
                    {
                        "name": "Timezone",
                        "type": "String"
                    },
                    {
                        "name": "Timezone Name",
                        "type": "String"
                    },
                    {
                        "name": "GMT Offset",
                        "type": "String"
                    },
                    {
                        "name": "Last Trade Time",
                        "type": "String"
                    },
                    {
                        "name": "PE",
                        "type": "String"
                    },
                    {
                        "name": "EPS",
                        "type": "String"
                    }
                ]
            },
            "dependsOn": []
        },
        {
            "name": "[concat(parameters('factoryName'), '/HTTP_Source_UK')]",
            "type": "Microsoft.DataFactory/factories/datasets",
            "apiVersion": "2018-06-01",
            "properties": {
                "linkedServiceName": {
                    "referenceName": "HttpServer_LNStocks",
                    "type": "LinkedServiceReference"
                },
                "annotations": [],
                "type": "DelimitedText",
                "typeProperties": {
                    "location": {
                        "type": "HttpServerLocation"
                    },
                    "columnDelimiter": ",",
                    "escapeChar": "\\",
                    "firstRowAsHeader": true,
                    "quoteChar": "\""
                },
                "schema": [
                    {
                        "name": "Symbol",
                        "type": "String"
                    },
                    {
                        "name": "Name",
                        "type": "String"
                    },
                    {
                        "name": "Currency",
                        "type": "String"
                    },
                    {
                        "name": "Price",
                        "type": "String"
                    },
                    {
                        "name": "Price Open",
                        "type": "String"
                    },
                    {
                        "name": "Day High",
                        "type": "String"
                    },
                    {
                        "name": "Day Low",
                        "type": "String"
                    },
                    {
                        "name": "52 Week High",
                        "type": "String"
                    },
                    {
                        "name": "52 Week Low",
                        "type": "String"
                    },
                    {
                        "name": "Day Change",
                        "type": "String"
                    },
                    {
                        "name": "Change %",
                        "type": "String"
                    },
                    {
                        "name": "Close Yesterday",
                        "type": "String"
                    },
                    {
                        "name": "Market Cap",
                        "type": "String"
                    },
                    {
                        "name": "Volume",
                        "type": "String"
                    },
                    {
                        "name": "Volume Avg",
                        "type": "String"
                    },
                    {
                        "name": "Shares",
                        "type": "String"
                    },
                    {
                        "name": "Stock Exchange Long",
                        "type": "String"
                    },
                    {
                        "name": "Stock Exchange Short",
                        "type": "String"
                    },
                    {
                        "name": "Timezone",
                        "type": "String"
                    },
                    {
                        "name": "Timezone Name",
                        "type": "String"
                    },
                    {
                        "name": "GMT Offset",
                        "type": "String"
                    },
                    {
                        "name": "Last Trade Time",
                        "type": "String"
                    },
                    {
                        "name": "PE",
                        "type": "String"
                    },
                    {
                        "name": "EPS",
                        "type": "String"
                    }
                ]
            },
            "dependsOn": []
        },
        {
            "name": "[concat(parameters('factoryName'), '/GraphNodeFile')]",
            "type": "Microsoft.DataFactory/factories/datasets",
            "apiVersion": "2018-06-01",
            "properties": {
                "linkedServiceName": {
                    "referenceName": "AzureBlobStorage1",
                    "type": "LinkedServiceReference"
                },
                "annotations": [],
                "type": "DelimitedText",
                "typeProperties": {
                    "location": {
                        "type": "AzureBlobStorageLocation",
                        "fileName": "nodes.csv",
                        "container": "graphnodes"
                    },
                    "columnDelimiter": ",",
                    "escapeChar": "\\",
                    "firstRowAsHeader": true,
                    "quoteChar": "\""
                },
                "schema": []
            },
            "dependsOn": []
        },
        {
            "name": "[concat(parameters('factoryName'), '/GraphLinkFile')]",
            "type": "Microsoft.DataFactory/factories/datasets",
            "apiVersion": "2018-06-01",
            "properties": {
                "linkedServiceName": {
                    "referenceName": "AzureBlobStorage1",
                    "type": "LinkedServiceReference"
                },
                "annotations": [],
                "type": "DelimitedText",
                "typeProperties": {
                    "location": {
                        "type": "AzureBlobStorageLocation",
                        "fileName": "edges.csv",
                        "container": "graphedges"
                    },
                    "columnDelimiter": ",",
                    "escapeChar": "\\",
                    "firstRowAsHeader": true,
                    "quoteChar": "\""
                },
                "schema": [
                    {
                        "name": "src",
                        "type": "String"
                    },
                    {
                        "name": "dst",
                        "type": "String"
                    },
                    {
                        "name": "weight",
                        "type": "String"
                    },
                    {
                        "name": "cor_type",
                        "type": "String"
                    },
                    {
                        "name": "colour",
                        "type": "String"
                    }
                ]
            },
            "dependsOn": []
        },
        {
            "name": "[concat(parameters('factoryName'), '/GradeLinkTable')]",
            "type": "Microsoft.DataFactory/factories/datasets",
            "apiVersion": "2018-06-01",
            "properties": {
                "linkedServiceName": {
                    "referenceName": "AzureTableStorage",
                    "type": "LinkedServiceReference"
                },
                "annotations": [],
                "type": "AzureTable",
                "schema": [],
                "typeProperties": {
                    "tableName": "graphedge"
                }
            },
            "dependsOn": []
        },
        {
            "name": "[concat(parameters('factoryName'), '/GraphNodeTable')]",
            "type": "Microsoft.DataFactory/factories/datasets",
            "apiVersion": "2018-06-01",
            "properties": {
                "linkedServiceName": {
                    "referenceName": "AzureTableStorage",
                    "type": "LinkedServiceReference"
                },
                "annotations": [],
                "type": "AzureTable",
                "schema": [],
                "typeProperties": {
                    "tableName": "graphnode"
                }
            },
            "dependsOn": []
        },
        {
            "name": "[concat(parameters('factoryName'), '/FromCluster_GraphEdges')]",
            "type": "Microsoft.DataFactory/factories/datasets",
            "apiVersion": "2018-06-01",
            "properties": {
                "linkedServiceName": {
                    "referenceName": "AzureBlobStorageCluster",
                    "type": "LinkedServiceReference"
                },
                "annotations": [],
                "type": "DelimitedText",
                "typeProperties": {
                    "location": {
                        "type": "AzureBlobStorageLocation",
                        "folderPath": "edge",
                        "container": "datastore1"
                    },
                    "columnDelimiter": ",",
                    "escapeChar": "\\",
                    "firstRowAsHeader": true,
                    "quoteChar": "\""
                },
                "schema": [
                    {
                        "name": "id",
                        "type": "String"
                    },
                    {
                        "name": "id_name",
                        "type": "String"
                    },
                    {
                        "name": "id_price",
                        "type": "String"
                    }
                ]
            },
            "dependsOn": []
        },
        {
            "name": "[concat(parameters('factoryName'), '/FromCluster_GraphNodes')]",
            "type": "Microsoft.DataFactory/factories/datasets",
            "apiVersion": "2018-06-01",
            "properties": {
                "linkedServiceName": {
                    "referenceName": "AzureBlobStorageCluster",
                    "type": "LinkedServiceReference"
                },
                "annotations": [],
                "type": "DelimitedText",
                "typeProperties": {
                    "location": {
                        "type": "AzureBlobStorageLocation",
                        "folderPath": "node",
                        "container": "datastore1"
                    },
                    "columnDelimiter": ",",
                    "escapeChar": "\\",
                    "firstRowAsHeader": true,
                    "quoteChar": "\""
                },
                "schema": [
                    {
                        "name": "id",
                        "type": "String"
                    },
                    {
                        "name": "id_name",
                        "type": "String"
                    },
                    {
                        "name": "id_price",
                        "type": "String"
                    }
                ]
            },
            "dependsOn": []
        },
        {
            "name": "[concat(parameters('factoryName'), '/ToCluster_StockPrice')]",
            "type": "Microsoft.DataFactory/factories/datasets",
            "apiVersion": "2018-06-01",
            "properties": {
                "linkedServiceName": {
                    "referenceName": "AzureBlobStorageCluster",
                    "type": "LinkedServiceReference"
                },
                "annotations": [],
                "type": "DelimitedText",
                "typeProperties": {
                    "location": {
                        "type": "AzureBlobStorageLocation",
                        "fileName": "stockdata_small.csv",
                        "container": "datastore1"
                    },
                    "columnDelimiter": ",",
                    "escapeChar": "\\",
                    "firstRowAsHeader": true,
                    "quoteChar": "\""
                },
                "schema": [
                    {
                        "name": "Ticker",
                        "type": "String"
                    },
                    {
                        "name": "Name",
                        "type": "String"
                    },
                    {
                        "name": "Price",
                        "type": "String"
                    },
                    {
                        "name": "PxChange",
                        "type": "String"
                    },
                    {
                        "name": "Date",
                        "type": "String"
                    }
                ]
            },
            "dependsOn": []
        },
        {
            "name": "[concat(parameters('factoryName'), '/GraphQueriesTable')]",
            "type": "Microsoft.DataFactory/factories/datasets",
            "apiVersion": "2018-06-01",
            "properties": {
                "linkedServiceName": {
                    "referenceName": "AzureTableStorage",
                    "type": "LinkedServiceReference"
                },
                "annotations": [],
                "type": "AzureTable",
                "schema": [],
                "typeProperties": {
                    "tableName": "Bizquery"
                }
            },
            "dependsOn": []
        },
        {
            "name": "[concat(parameters('factoryName'), '/GraphQueries')]",
            "type": "Microsoft.DataFactory/factories/datasets",
            "apiVersion": "2018-06-01",
            "properties": {
                "linkedServiceName": {
                    "referenceName": "AzureBlobStorage1",
                    "type": "LinkedServiceReference"
                },
                "annotations": [],
                "type": "DelimitedText",
                "typeProperties": {
                    "location": {
                        "type": "AzureBlobStorageLocation",
                        "fileName": "business.csv",
                        "container": "businesssolutions"
                    },
                    "columnDelimiter": ",",
                    "escapeChar": "\\",
                    "firstRowAsHeader": true,
                    "quoteChar": "\""
                },
                "schema": [
                    {
                        "name": "Queries",
                        "type": "String"
                    },
                    {
                        "name": "Response",
                        "type": "String"
                    }
                ]
            },
            "dependsOn": []
        },
        {
            "name": "[concat(parameters('factoryName'), '/GetDailyPrice')]",
            "type": "Microsoft.DataFactory/factories/pipelines",
            "apiVersion": "2018-06-01",
            "properties": {
                "activities": [
                    {
                        "name": "GetStockPrice_US",
                        "type": "Copy",
                        "dependsOn": [],
                        "policy": {
                            "timeout": "7.00:00:00",
                            "retry": 0,
                            "retryIntervalInSeconds": 30,
                            "secureOutput": false,
                            "secureInput": false
                        },
                        "userProperties": [],
                        "typeProperties": {
                            "source": {
                                "type": "DelimitedTextSource",
                                "storeSettings": {
                                    "type": "HttpReadSettings",
                                    "requestMethod": "GET"
                                },
                                "formatSettings": {
                                    "type": "DelimitedTextReadSettings"
                                }
                            },
                            "sink": {
                                "type": "DelimitedTextSink",
                                "storeSettings": {
                                    "type": "AzureBlobStorageWriteSettings"
                                },
                                "formatSettings": {
                                    "type": "DelimitedTextWriteSettings",
                                    "quoteAllText": true,
                                    "fileExtension": ".csv"
                                }
                            },
                            "enableStaging": false
                        },
                        "inputs": [
                            {
                                "referenceName": "HTTP_Source_US1",
                                "type": "DatasetReference",
                                "parameters": {}
                            }
                        ],
                        "outputs": [
                            {
                                "referenceName": "IngestStockPrice_US",
                                "type": "DatasetReference",
                                "parameters": {}
                            }
                        ]
                    },
                    {
                        "name": "GetStockPrice_US_2",
                        "type": "Copy",
                        "dependsOn": [],
                        "policy": {
                            "timeout": "7.00:00:00",
                            "retry": 0,
                            "retryIntervalInSeconds": 30,
                            "secureOutput": false,
                            "secureInput": false
                        },
                        "userProperties": [],
                        "typeProperties": {
                            "source": {
                                "type": "DelimitedTextSource",
                                "storeSettings": {
                                    "type": "HttpReadSettings",
                                    "requestMethod": "GET"
                                },
                                "formatSettings": {
                                    "type": "DelimitedTextReadSettings"
                                }
                            },
                            "sink": {
                                "type": "DelimitedTextSink",
                                "storeSettings": {
                                    "type": "AzureBlobStorageWriteSettings"
                                },
                                "formatSettings": {
                                    "type": "DelimitedTextWriteSettings",
                                    "quoteAllText": true,
                                    "fileExtension": ".csv"
                                }
                            },
                            "enableStaging": false
                        },
                        "inputs": [
                            {
                                "referenceName": "HTTP_Source_US2",
                                "type": "DatasetReference",
                                "parameters": {}
                            }
                        ],
                        "outputs": [
                            {
                                "referenceName": "IngestStockPrice_US2",
                                "type": "DatasetReference",
                                "parameters": {}
                            }
                        ]
                    },
                    {
                        "name": "GetStockPrice_JP",
                        "type": "Copy",
                        "dependsOn": [],
                        "policy": {
                            "timeout": "7.00:00:00",
                            "retry": 0,
                            "retryIntervalInSeconds": 30,
                            "secureOutput": false,
                            "secureInput": false
                        },
                        "userProperties": [],
                        "typeProperties": {
                            "source": {
                                "type": "DelimitedTextSource",
                                "storeSettings": {
                                    "type": "HttpReadSettings",
                                    "requestMethod": "GET"
                                },
                                "formatSettings": {
                                    "type": "DelimitedTextReadSettings"
                                }
                            },
                            "sink": {
                                "type": "DelimitedTextSink",
                                "storeSettings": {
                                    "type": "AzureBlobStorageWriteSettings"
                                },
                                "formatSettings": {
                                    "type": "DelimitedTextWriteSettings",
                                    "quoteAllText": true,
                                    "fileExtension": ".csv"
                                }
                            },
                            "enableStaging": false
                        },
                        "inputs": [
                            {
                                "referenceName": "HTTP_Source_JP",
                                "type": "DatasetReference",
                                "parameters": {}
                            }
                        ],
                        "outputs": [
                            {
                                "referenceName": "IngestStockPrice_JP",
                                "type": "DatasetReference",
                                "parameters": {}
                            }
                        ]
                    },
                    {
                        "name": "GetStockPrice_UK",
                        "type": "Copy",
                        "dependsOn": [],
                        "policy": {
                            "timeout": "7.00:00:00",
                            "retry": 0,
                            "retryIntervalInSeconds": 30,
                            "secureOutput": false,
                            "secureInput": false
                        },
                        "userProperties": [],
                        "typeProperties": {
                            "source": {
                                "type": "DelimitedTextSource",
                                "storeSettings": {
                                    "type": "HttpReadSettings",
                                    "requestMethod": "GET"
                                },
                                "formatSettings": {
                                    "type": "DelimitedTextReadSettings"
                                }
                            },
                            "sink": {
                                "type": "DelimitedTextSink",
                                "storeSettings": {
                                    "type": "AzureBlobStorageWriteSettings"
                                },
                                "formatSettings": {
                                    "type": "DelimitedTextWriteSettings",
                                    "quoteAllText": true,
                                    "fileExtension": ".csv"
                                }
                            },
                            "enableStaging": false
                        },
                        "inputs": [
                            {
                                "referenceName": "HTTP_Source_UK",
                                "type": "DatasetReference",
                                "parameters": {}
                            }
                        ],
                        "outputs": [
                            {
                                "referenceName": "IngestStockPrice_UK",
                                "type": "DatasetReference",
                                "parameters": {}
                            }
                        ]
                    },
                    {
                        "name": "GetStockPrice_HK",
                        "type": "Copy",
                        "dependsOn": [],
                        "policy": {
                            "timeout": "7.00:00:00",
                            "retry": 0,
                            "retryIntervalInSeconds": 30,
                            "secureOutput": false,
                            "secureInput": false
                        },
                        "userProperties": [],
                        "typeProperties": {
                            "source": {
                                "type": "DelimitedTextSource",
                                "storeSettings": {
                                    "type": "HttpReadSettings",
                                    "requestMethod": "GET"
                                },
                                "formatSettings": {
                                    "type": "DelimitedTextReadSettings"
                                }
                            },
                            "sink": {
                                "type": "DelimitedTextSink",
                                "storeSettings": {
                                    "type": "AzureBlobStorageWriteSettings"
                                },
                                "formatSettings": {
                                    "type": "DelimitedTextWriteSettings",
                                    "quoteAllText": true,
                                    "fileExtension": ".csv"
                                }
                            },
                            "enableStaging": false
                        },
                        "inputs": [
                            {
                                "referenceName": "HTTP_Source_HK",
                                "type": "DatasetReference",
                                "parameters": {}
                            }
                        ],
                        "outputs": [
                            {
                                "referenceName": "IngestStockPrice_HK",
                                "type": "DatasetReference",
                                "parameters": {}
                            }
                        ]
                    },
                    {
                        "name": "GetStockPrice_CN",
                        "type": "Copy",
                        "dependsOn": [],
                        "policy": {
                            "timeout": "7.00:00:00",
                            "retry": 0,
                            "retryIntervalInSeconds": 30,
                            "secureOutput": false,
                            "secureInput": false
                        },
                        "userProperties": [],
                        "typeProperties": {
                            "source": {
                                "type": "DelimitedTextSource",
                                "storeSettings": {
                                    "type": "HttpReadSettings",
                                    "requestMethod": "GET"
                                },
                                "formatSettings": {
                                    "type": "DelimitedTextReadSettings"
                                }
                            },
                            "sink": {
                                "type": "DelimitedTextSink",
                                "storeSettings": {
                                    "type": "AzureBlobStorageWriteSettings"
                                },
                                "formatSettings": {
                                    "type": "DelimitedTextWriteSettings",
                                    "quoteAllText": true,
                                    "fileExtension": ".txt"
                                }
                            },
                            "enableStaging": false
                        },
                        "inputs": [
                            {
                                "referenceName": "HTTP_Source_CN",
                                "type": "DatasetReference",
                                "parameters": {}
                            }
                        ],
                        "outputs": [
                            {
                                "referenceName": "IngestStockPrice_CN",
                                "type": "DatasetReference",
                                "parameters": {}
                            }
                        ]
                    }
                ],
                "annotations": []
            },
            "dependsOn": [
                "[concat(variables('factoryId'), '/datasets/IngestStockPrice_US2')]",
                "[concat(variables('factoryId'), '/datasets/HTTP_Source_UK')]",
                "[concat(variables('factoryId'), '/datasets/IngestStockPrice_UK')]",
                "[concat(variables('factoryId'), '/datasets/IngestStockPrice_HK')]",
                "[concat(variables('factoryId'), '/datasets/IngestStockPrice_CN')]"
            ]
        },
        {
            "name": "[concat(parameters('factoryName'), '/CopyFromClustertoTable')]",
            "type": "Microsoft.DataFactory/factories/pipelines",
            "apiVersion": "2018-06-01",
            "properties": {
                "activities": [
                    {
                        "name": "Copy Nodes - Cluster_to_Blob",
                        "type": "Copy",
                        "dependsOn": [],
                        "policy": {
                            "timeout": "7.00:00:00",
                            "retry": 0,
                            "retryIntervalInSeconds": 30,
                            "secureOutput": false,
                            "secureInput": false
                        },
                        "userProperties": [],
                        "typeProperties": {
                            "source": {
                                "type": "DelimitedTextSource",
                                "storeSettings": {
                                    "type": "AzureBlobStorageReadSettings",
                                    "recursive": true,
                                    "wildcardFileName": "*.csv",
                                    "enablePartitionDiscovery": false
                                },
                                "formatSettings": {
                                    "type": "DelimitedTextReadSettings"
                                }
                            },
                            "sink": {
                                "type": "DelimitedTextSink",
                                "storeSettings": {
                                    "type": "AzureBlobStorageWriteSettings",
                                    "copyBehavior": "MergeFiles"
                                },
                                "formatSettings": {
                                    "type": "DelimitedTextWriteSettings",
                                    "quoteAllText": true,
                                    "fileExtension": ""
                                }
                            },
                            "enableStaging": false
                        },
                        "inputs": [
                            {
                                "referenceName": "FromCluster_GraphNodes",
                                "type": "DatasetReference",
                                "parameters": {}
                            }
                        ],
                        "outputs": [
                            {
                                "referenceName": "GraphNodeFile",
                                "type": "DatasetReference",
                                "parameters": {}
                            }
                        ]
                    },
                    {
                        "name": "Copy Edges - Blob_to_Table",
                        "type": "Copy",
                        "dependsOn": [
                            {
                                "activity": "Copy Edges - Cluster_to_Blob",
                                "dependencyConditions": [
                                    "Succeeded"
                                ]
                            }
                        ],
                        "policy": {
                            "timeout": "7.00:00:00",
                            "retry": 0,
                            "retryIntervalInSeconds": 30,
                            "secureOutput": false,
                            "secureInput": false
                        },
                        "userProperties": [],
                        "typeProperties": {
                            "source": {
                                "type": "DelimitedTextSource",
                                "storeSettings": {
                                    "type": "AzureBlobStorageReadSettings",
                                    "recursive": true,
                                    "wildcardFileName": "*.csv",
                                    "enablePartitionDiscovery": false
                                },
                                "formatSettings": {
                                    "type": "DelimitedTextReadSettings"
                                }
                            },
                            "sink": {
                                "type": "AzureTableSink",
                                "azureTableInsertType": "replace",
                                "writeBatchSize": 10000
                            },
                            "enableStaging": false
                        },
                        "inputs": [
                            {
                                "referenceName": "GraphLinkFile",
                                "type": "DatasetReference",
                                "parameters": {}
                            }
                        ],
                        "outputs": [
                            {
                                "referenceName": "GradeLinkTable",
                                "type": "DatasetReference",
                                "parameters": {}
                            }
                        ]
                    },
                    {
                        "name": "Copy Nodes - Blob_to_Table",
                        "type": "Copy",
                        "dependsOn": [
                            {
                                "activity": "Copy Nodes - Cluster_to_Blob",
                                "dependencyConditions": [
                                    "Succeeded"
                                ]
                            }
                        ],
                        "policy": {
                            "timeout": "7.00:00:00",
                            "retry": 0,
                            "retryIntervalInSeconds": 30,
                            "secureOutput": false,
                            "secureInput": false
                        },
                        "userProperties": [],
                        "typeProperties": {
                            "source": {
                                "type": "DelimitedTextSource",
                                "storeSettings": {
                                    "type": "AzureBlobStorageReadSettings",
                                    "recursive": true,
                                    "wildcardFileName": "*.csv",
                                    "enablePartitionDiscovery": false
                                },
                                "formatSettings": {
                                    "type": "DelimitedTextReadSettings"
                                }
                            },
                            "sink": {
                                "type": "AzureTableSink",
                                "azureTableInsertType": "replace",
                                "writeBatchSize": 10000
                            },
                            "enableStaging": false
                        },
                        "inputs": [
                            {
                                "referenceName": "GraphNodeFile",
                                "type": "DatasetReference",
                                "parameters": {}
                            }
                        ],
                        "outputs": [
                            {
                                "referenceName": "GraphNodeTable",
                                "type": "DatasetReference",
                                "parameters": {}
                            }
                        ]
                    },
                    {
                        "name": "Copy Edges - Cluster_to_Blob",
                        "type": "Copy",
                        "dependsOn": [],
                        "policy": {
                            "timeout": "7.00:00:00",
                            "retry": 0,
                            "retryIntervalInSeconds": 30,
                            "secureOutput": false,
                            "secureInput": false
                        },
                        "userProperties": [],
                        "typeProperties": {
                            "source": {
                                "type": "DelimitedTextSource",
                                "storeSettings": {
                                    "type": "AzureBlobStorageReadSettings",
                                    "recursive": true,
                                    "wildcardFileName": "*.csv",
                                    "enablePartitionDiscovery": false
                                },
                                "formatSettings": {
                                    "type": "DelimitedTextReadSettings"
                                }
                            },
                            "sink": {
                                "type": "DelimitedTextSink",
                                "storeSettings": {
                                    "type": "AzureBlobStorageWriteSettings",
                                    "copyBehavior": "MergeFiles"
                                },
                                "formatSettings": {
                                    "type": "DelimitedTextWriteSettings",
                                    "quoteAllText": true,
                                    "fileExtension": ""
                                }
                            },
                            "enableStaging": false
                        },
                        "inputs": [
                            {
                                "referenceName": "FromCluster_GraphEdges",
                                "type": "DatasetReference",
                                "parameters": {}
                            }
                        ],
                        "outputs": [
                            {
                                "referenceName": "GraphLinkFile",
                                "type": "DatasetReference",
                                "parameters": {}
                            }
                        ]
                    }
                ],
                "annotations": []
            },
            "dependsOn": [
                "[concat(variables('factoryId'), '/datasets/FromCluster_GraphNodes')]",
                "[concat(variables('factoryId'), '/datasets/GraphNodeFile')]",
                "[concat(variables('factoryId'), '/datasets/GraphLinkFile')]",
                "[concat(variables('factoryId'), '/datasets/GradeLinkTable')]",
                "[concat(variables('factoryId'), '/datasets/GraphNodeTable')]",
                "[concat(variables('factoryId'), '/datasets/FromCluster_GraphEdges')]"
            ]
        },
        {
            "name": "[concat(parameters('factoryName'), '/Copy Graph Queries')]",
            "type": "Microsoft.DataFactory/factories/pipelines",
            "apiVersion": "2018-06-01",
            "properties": {
                "activities": [
                    {
                        "name": "Copy graph queries",
                        "type": "Copy",
                        "dependsOn": [],
                        "policy": {
                            "timeout": "7.00:00:00",
                            "retry": 0,
                            "retryIntervalInSeconds": 30,
                            "secureOutput": false,
                            "secureInput": false
                        },
                        "userProperties": [
                            {
                                "name": "Source",
                                "value": "businesssolutions//business.csv"
                            },
                            {
                                "name": "Destination",
                                "value": "Table3"
                            }
                        ],
                        "typeProperties": {
                            "source": {
                                "type": "DelimitedTextSource",
                                "storeSettings": {
                                    "type": "AzureBlobStorageReadSettings",
                                    "recursive": false
                                },
                                "formatSettings": {
                                    "type": "DelimitedTextReadSettings",
                                    "skipLineCount": 0
                                }
                            },
                            "sink": {
                                "type": "AzureTableSink",
                                "azureTableInsertType": "replace",
                                "writeBatchSize": 10000
                            },
                            "enableStaging": false,
                            "enableSkipIncompatibleRow": false
                        },
                        "inputs": [
                            {
                                "referenceName": "GraphQueries",
                                "type": "DatasetReference",
                                "parameters": {}
                            }
                        ],
                        "outputs": [
                            {
                                "referenceName": "GraphQueriesTable",
                                "type": "DatasetReference",
                                "parameters": {}
                            }
                        ]
                    }
                ],
                "annotations": []
            },
            "dependsOn": [
                "[concat(variables('factoryId'), '/datasets/GraphQueries')]",
                "[concat(variables('factoryId'), '/datasets/GraphQueriesTable')]"
            ]
        },
        {
            "name": "[concat(parameters('factoryName'), '/ExtractMergePrice')]",
            "type": "Microsoft.DataFactory/factories/dataflows",
            "apiVersion": "2018-06-01",
            "properties": {
                "type": "MappingDataFlow",
                "typeProperties": {
                    "sources": [
                        {
                            "dataset": {
                                "referenceName": "ConsolDailyPriceFile",
                                "type": "DatasetReference"
                            },
                            "name": "GetLatestDailyPrice",
                            "typeProperties": {}
                        },
                        {
                            "dataset": {
                                "referenceName": "HistPriceFile",
                                "type": "DatasetReference"
                            },
                            "name": "GetHistPrice",
                            "typeProperties": {}
                        }
                    ],
                    "sinks": [
                        {
                            "dataset": {
                                "referenceName": "MergedPriceSink",
                                "type": "DatasetReference"
                            },
                            "name": "PutMergedPrice"
                        }
                    ],
                    "transformations": [
                        {
                            "name": "SelectSubColumns"
                        },
                        {
                            "name": "MergeHistPrice"
                        },
                        {
                            "name": "Sort"
                        }
                    ],
                    "script": "\n\nsource(output(\n\t\tSymbol as string,\n\t\tName as string,\n\t\tCurrency as string,\n\t\tPrice as float,\n\t\t{Price Open} as string,\n\t\t{Day High} as string,\n\t\t{Day Low} as string,\n\t\t{52 Week High} as string,\n\t\t{52 Week Low} as string,\n\t\t{Day Change} as string,\n\t\t{Change %} as float,\n\t\t{Close Yesterday} as string,\n\t\t{Market Cap} as string,\n\t\tVolume as string,\n\t\t{Volume Avg} as string,\n\t\tShares as string,\n\t\t{Stock Exchange Long} as string,\n\t\t{Stock Exchange Short} as string,\n\t\tTimezone as string,\n\t\t{Timezone Name} as string,\n\t\t{GMT Offset} as string,\n\t\t{Last Trade Time} as date,\n\t\tPE as string,\n\t\tEPS as string\n\t),\n\tallowSchemaDrift: true,\n\tvalidateSchema: false) ~> GetLatestDailyPrice\nsource(output(\n\t\tTicker as string,\n\t\tName as string,\n\t\tPrice as float '##0.##',\n\t\tPxChange as float '##0.##',\n\t\tDate as date 'yyyy-MM-dd'\n\t),\n\tallowSchemaDrift: true,\n\tvalidateSchema: false) ~> GetHistPrice\nGetLatestDailyPrice select(mapColumn(\n\t\tTicker = Symbol,\n\t\tName,\n\t\tPrice,\n\t\tPxChange = {Change %},\n\t\tDate = {Last Trade Time}\n\t),\n\tskipDuplicateMapInputs: true,\n\tskipDuplicateMapOutputs: true) ~> SelectSubColumns\nSelectSubColumns, GetHistPrice union(byName: true)~> MergeHistPrice\nMergeHistPrice sort(desc(Date, true)) ~> Sort\nSort sink(allowSchemaDrift: true,\n\tvalidateSchema: false,\n\tpartitionFileNames:['stockdata_small.csv'],\n\ttruncate: true,\n\tpartitionBy('hash', 1)) ~> PutMergedPrice"
                }
            },
            "dependsOn": []
        },
        {
            "name": "[concat(parameters('factoryName'), '/ConsolDailyPrices')]",
            "type": "Microsoft.DataFactory/factories/dataflows",
            "apiVersion": "2018-06-01",
            "properties": {
                "type": "MappingDataFlow",
                "typeProperties": {
                    "sources": [
                        {
                            "dataset": {
                                "referenceName": "IngestStockPrice_US",
                                "type": "DatasetReference"
                            },
                            "name": "GetLatestUSPrice1",
                            "typeProperties": {}
                        },
                        {
                            "dataset": {
                                "referenceName": "IngestStockPrice_US2",
                                "type": "DatasetReference"
                            },
                            "name": "GetLatestUSPrice2",
                            "typeProperties": {}
                        },
                        {
                            "dataset": {
                                "referenceName": "IngestStockPrice_JP",
                                "type": "DatasetReference"
                            },
                            "name": "GetLatestJPPrice",
                            "typeProperties": {}
                        },
                        {
                            "dataset": {
                                "referenceName": "IngestStockPrice_CN",
                                "type": "DatasetReference"
                            },
                            "name": "GetLatestCNPrice",
                            "typeProperties": {}
                        },
                        {
                            "dataset": {
                                "referenceName": "IngestStockPrice_UK",
                                "type": "DatasetReference"
                            },
                            "name": "GetLatestUKPrice",
                            "typeProperties": {}
                        },
                        {
                            "dataset": {
                                "referenceName": "IngestStockPrice_HK",
                                "type": "DatasetReference"
                            },
                            "name": "GetLatestHKPrice",
                            "typeProperties": {}
                        }
                    ],
                    "sinks": [
                        {
                            "dataset": {
                                "referenceName": "ConsolDailyPriceSink",
                                "type": "DatasetReference"
                            },
                            "name": "PutConsolPrice"
                        }
                    ],
                    "transformations": [
                        {
                            "name": "ConsolPrices"
                        }
                    ],
                    "script": "\n\nsource(output(\n\t\tSymbol as string,\n\t\tName as string,\n\t\tCurrency as string,\n\t\tPrice as string,\n\t\t{Price Open} as string,\n\t\t{Day High} as string,\n\t\t{Day Low} as string,\n\t\t{52 Week High} as string,\n\t\t{52 Week Low} as string,\n\t\t{Day Change} as string,\n\t\t{Change %} as string,\n\t\t{Close Yesterday} as string,\n\t\t{Market Cap} as string,\n\t\tVolume as string,\n\t\t{Volume Avg} as string,\n\t\tShares as string,\n\t\t{Stock Exchange Long} as string,\n\t\t{Stock Exchange Short} as string,\n\t\tTimezone as string,\n\t\t{Timezone Name} as string,\n\t\t{GMT Offset} as string,\n\t\t{Last Trade Time} as string,\n\t\tPE as string,\n\t\tEPS as string\n\t),\n\tallowSchemaDrift: true,\n\tvalidateSchema: false) ~> GetLatestUSPrice1\nsource(output(\n\t\tSymbol as string,\n\t\tName as string,\n\t\tCurrency as string,\n\t\tPrice as string,\n\t\t{Price Open} as string,\n\t\t{Day High} as string,\n\t\t{Day Low} as string,\n\t\t{52 Week High} as string,\n\t\t{52 Week Low} as string,\n\t\t{Day Change} as string,\n\t\t{Change %} as string,\n\t\t{Close Yesterday} as string,\n\t\t{Market Cap} as string,\n\t\tVolume as string,\n\t\t{Volume Avg} as string,\n\t\tShares as string,\n\t\t{Stock Exchange Long} as string,\n\t\t{Stock Exchange Short} as string,\n\t\tTimezone as string,\n\t\t{Timezone Name} as string,\n\t\t{GMT Offset} as string,\n\t\t{Last Trade Time} as string,\n\t\tPE as string,\n\t\tEPS as string\n\t),\n\tallowSchemaDrift: true,\n\tvalidateSchema: false) ~> GetLatestUSPrice2\nsource(output(\n\t\tSymbol as string,\n\t\tName as string,\n\t\tCurrency as string,\n\t\tPrice as string,\n\t\t{Price Open} as string,\n\t\t{Day High} as string,\n\t\t{Day Low} as string,\n\t\t{52 Week High} as string,\n\t\t{52 Week Low} as string,\n\t\t{Day Change} as string,\n\t\t{Change %} as string,\n\t\t{Close Yesterday} as string,\n\t\t{Market Cap} as string,\n\t\tVolume as string,\n\t\t{Volume Avg} as string,\n\t\tShares as string,\n\t\t{Stock Exchange Long} as string,\n\t\t{Stock Exchange Short} as string,\n\t\tTimezone as string,\n\t\t{Timezone Name} as string,\n\t\t{GMT Offset} as string,\n\t\t{Last Trade Time} as string,\n\t\tPE as string,\n\t\tEPS as string\n\t),\n\tallowSchemaDrift: true,\n\tvalidateSchema: false) ~> GetLatestJPPrice\nsource(output(\n\t\tSymbol as string,\n\t\tName as string,\n\t\tCurrency as string,\n\t\tPrice as string,\n\t\t{Price Open} as string,\n\t\t{Day High} as string,\n\t\t{Day Low} as string,\n\t\t{52 Week High} as string,\n\t\t{52 Week Low} as string,\n\t\t{Day Change} as string,\n\t\t{Change %} as string,\n\t\t{Close Yesterday} as string,\n\t\t{Market Cap} as string,\n\t\tVolume as string,\n\t\t{Volume Avg} as string,\n\t\tShares as string,\n\t\t{Stock Exchange Long} as string,\n\t\t{Stock Exchange Short} as string,\n\t\tTimezone as string,\n\t\t{Timezone Name} as string,\n\t\t{GMT Offset} as string,\n\t\t{Last Trade Time} as string,\n\t\tPE as string,\n\t\tEPS as string\n\t),\n\tallowSchemaDrift: true,\n\tvalidateSchema: false) ~> GetLatestCNPrice\nsource(output(\n\t\tSymbol as string,\n\t\tName as string,\n\t\tCurrency as string,\n\t\tPrice as string,\n\t\t{Price Open} as string,\n\t\t{Day High} as string,\n\t\t{Day Low} as string,\n\t\t{52 Week High} as string,\n\t\t{52 Week Low} as string,\n\t\t{Day Change} as string,\n\t\t{Change %} as string,\n\t\t{Close Yesterday} as string,\n\t\t{Market Cap} as string,\n\t\tVolume as string,\n\t\t{Volume Avg} as string,\n\t\tShares as string,\n\t\t{Stock Exchange Long} as string,\n\t\t{Stock Exchange Short} as string,\n\t\tTimezone as string,\n\t\t{Timezone Name} as string,\n\t\t{GMT Offset} as string,\n\t\t{Last Trade Time} as string,\n\t\tPE as string,\n\t\tEPS as string\n\t),\n\tallowSchemaDrift: true,\n\tvalidateSchema: false) ~> GetLatestUKPrice\nsource(output(\n\t\tSymbol as string,\n\t\tName as string,\n\t\tCurrency as string,\n\t\tPrice as string,\n\t\t{Price Open} as string,\n\t\t{Day High} as string,\n\t\t{Day Low} as string,\n\t\t{52 Week High} as string,\n\t\t{52 Week Low} as string,\n\t\t{Day Change} as string,\n\t\t{Change %} as string,\n\t\t{Close Yesterday} as string,\n\t\t{Market Cap} as string,\n\t\tVolume as string,\n\t\t{Volume Avg} as string,\n\t\tShares as string,\n\t\t{Stock Exchange Long} as string,\n\t\t{Stock Exchange Short} as string,\n\t\tTimezone as string,\n\t\t{Timezone Name} as string,\n\t\t{GMT Offset} as string,\n\t\t{Last Trade Time} as string,\n\t\tPE as string,\n\t\tEPS as string\n\t),\n\tallowSchemaDrift: true,\n\tvalidateSchema: false) ~> GetLatestHKPrice\nGetLatestUSPrice1, GetLatestUSPrice2, GetLatestJPPrice, GetLatestCNPrice, GetLatestUKPrice, GetLatestHKPrice union(byName: true)~> ConsolPrices\nConsolPrices sink(input(\n\t\tSymbol as string,\n\t\tName as string,\n\t\tCurrency as string,\n\t\tPrice as string,\n\t\t{Price Open} as string,\n\t\t{Day High} as string,\n\t\t{Day Low} as string,\n\t\t{52 Week High} as string,\n\t\t{52 Week Low} as string,\n\t\t{Day Change} as string,\n\t\t{Change %} as string,\n\t\t{Close Yesterday} as string,\n\t\t{Market Cap} as string,\n\t\tVolume as string,\n\t\t{Volume Avg} as string,\n\t\tShares as string,\n\t\t{Stock Exchange Long} as string,\n\t\t{Stock Exchange Short} as string,\n\t\tTimezone as string,\n\t\t{Timezone Name} as string,\n\t\t{GMT Offset} as string,\n\t\t{Last Trade Time} as string,\n\t\tPE as string,\n\t\tEPS as string\n\t),\n\tallowSchemaDrift: true,\n\tvalidateSchema: false,\n\tpartitionFileNames:['worldtradingdata-realtimeprices.csv'],\n\ttruncate: true,\n\tpartitionBy('hash', 1)) ~> PutConsolPrice"
                }
            },
            "dependsOn": [
                "[concat(variables('factoryId'), '/datasets/IngestStockPrice_US2')]",
                "[concat(variables('factoryId'), '/datasets/IngestStockPrice_CN')]",
                "[concat(variables('factoryId'), '/datasets/IngestStockPrice_UK')]",
                "[concat(variables('factoryId'), '/datasets/IngestStockPrice_HK')]"
            ]
        },
        {
            "name": "[concat(parameters('factoryName'), '/getlatestprices')]",
            "type": "Microsoft.DataFactory/factories/triggers",
            "apiVersion": "2018-06-01",
            "properties": {
                "annotations": [],
                "runtimeState": "Started",
                "pipelines": [
                    {
                        "pipelineReference": {
                            "referenceName": "GetDailyPrice",
                            "type": "PipelineReference"
                        },
                        "parameters": {}
                    }
                ],
                "type": "ScheduleTrigger",
                "typeProperties": {
                    "recurrence": {
                        "frequency": "Day",
                        "interval": 1,
                        "startTime": "2019-11-18T23:18:00Z",
                        "endTime": "2019-11-24T01:00:00Z",
                        "timeZone": "UTC",
                        "schedule": {
                            "minutes": [
                                0
                            ],
                            "hours": [
                                22
                            ]
                        }
                    }
                }
            },
            "dependsOn": [
                "[concat(variables('factoryId'), '/pipelines/GetDailyPrice')]"
            ]
        }
    ]
}