{"$schema":"http://schema.management.azure.com/schemas/2015-01-01/deploymentTemplate.json#","contentVersion":"1.0.0.0","parameters":{"factoryName":{"type":"string","metadata":"Data Factory name"},"AzureBlobStorage1":{"type":"string"}},"variables":{"factoryId":"[concat('Microsoft.DataFactory/factories/', parameters('factoryName'))]"},"resources":[{"name":"[concat(parameters('factoryName'), '/Daily_ExtractMerge')]","type":"Microsoft.DataFactory/factories/pipelines","apiVersion":"2018-06-01","properties":{"activities":[{"name":"ExtractMergePrice","type":"ExecuteDataFlow","dependsOn":[],"policy":{"timeout":"7.00:00:00","retry":0,"retryIntervalInSeconds":30,"secureOutput":false,"secureInput":false},"userProperties":[],"typeProperties":{"dataflow":{"referenceName":"ExtractMergePrice","type":"DataFlowReference","parameters":{},"datasetParameters":{"GetLatestDailyPrice":{},"GetHistPrice":{},"PutMergedPrice":{}}},"staging":{}}},{"name":"ReplaceHistPrice","type":"Copy","dependsOn":[{"activity":"ExtractMergePrice","dependencyConditions":["Succeeded"]}],"policy":{"timeout":"7.00:00:00","retry":0,"retryIntervalInSeconds":30,"secureOutput":false,"secureInput":false},"userProperties":[],"typeProperties":{"source":{"type":"DelimitedTextSource","storeSettings":{"type":"AzureBlobStorageReadSettings","recursive":true,"wildcardFileName":"*"},"formatSettings":{"type":"DelimitedTextReadSettings"}},"sink":{"type":"DelimitedTextSink","storeSettings":{"type":"AzureBlobStorageWriteSettings","copyBehavior":"MergeFiles"},"formatSettings":{"type":"DelimitedTextWriteSettings","quoteAllText":true,"fileExtension":".txt"}},"enableStaging":false},"inputs":[{"referenceName":"MergedPrice_DelimitedText","type":"DatasetReference","parameters":{}}],"outputs":[{"referenceName":"HistPrice_DelimitedText","type":"DatasetReference","parameters":{}}]}],"annotations":[]},"dependsOn":["[concat(variables('factoryId'), '/dataflows/ExtractMergePrice')]","[concat(variables('factoryId'), '/datasets/MergedPrice_DelimitedText')]","[concat(variables('factoryId'), '/datasets/HistPrice_DelimitedText')]"]},{"name":"[concat(parameters('factoryName'), '/ExtractMergePrice')]","type":"Microsoft.DataFactory/factories/dataflows","apiVersion":"2018-06-01","properties":{"type":"MappingDataFlow","typeProperties":{"sources":[{"dataset":{"referenceName":"DailyPrice_DelimitedText","type":"DatasetReference"},"name":"GetLatestDailyPrice","typeProperties":{}},{"dataset":{"referenceName":"HistPrice_DelimitedText","type":"DatasetReference"},"name":"GetHistPrice","typeProperties":{}}],"sinks":[{"dataset":{"referenceName":"MergedPrice_DelimitedText","type":"DatasetReference"},"name":"PutMergedPrice"}],"transformations":[{"name":"SelectSubColumns"},{"name":"MergeHistPrice"}],"script":"\n\nsource(output(\n\t\tSymbol as string,\n\t\tName as string,\n\t\tCurrency as string,\n\t\tPrice as float,\n\t\t{Price Open} as string,\n\t\t{Day High} as string,\n\t\t{Day Low} as string,\n\t\t{52 Week High} as string,\n\t\t{52 Week Low} as string,\n\t\t{Day Change} as string,\n\t\t{Change %} as string,\n\t\t{Close Yesterday} as string,\n\t\t{Market Cap} as string,\n\t\tVolume as string,\n\t\t{Volume Avg} as string,\n\t\tShares as string,\n\t\t{Stock Exchange Long} as string,\n\t\t{Stock Exchange Short} as string,\n\t\tTimezone as string,\n\t\t{Timezone Name} as string,\n\t\t{GMT Offset} as string,\n\t\t{Last Trade Time} as date,\n\t\tPE as string,\n\t\tEPS as string\n\t),\n\tallowSchemaDrift: true,\n\tvalidateSchema: false) ~> GetLatestDailyPrice\nsource(output(\n\t\tTicker as string,\n\t\tPrice as float '##0.##',\n\t\tDate as date 'yyyy-MM-dd'\n\t),\n\tallowSchemaDrift: true,\n\tvalidateSchema: false) ~> GetHistPrice\nGetLatestDailyPrice select(mapColumn(\n\t\tTicker = Symbol,\n\t\tPrice,\n\t\tDate = {Last Trade Time}\n\t),\n\tskipDuplicateMapInputs: true,\n\tskipDuplicateMapOutputs: true) ~> SelectSubColumns\nSelectSubColumns, GetHistPrice union(byName: true)~> MergeHistPrice\nMergeHistPrice sink(allowSchemaDrift: true,\n\tvalidateSchema: false,\n\tpartitionFileNames:['stockdata_small.csv'],\n\ttruncate: true,\n\tpartitionBy('hash', 1)) ~> PutMergedPrice"}},"dependsOn":["[concat(variables('factoryId'), '/datasets/DailyPrice_DelimitedText')]","[concat(variables('factoryId'), '/datasets/HistPrice_DelimitedText')]","[concat(variables('factoryId'), '/datasets/MergedPrice_DelimitedText')]"]},{"name":"[concat(parameters('factoryName'), '/MergedPrice_DelimitedText')]","type":"Microsoft.DataFactory/factories/datasets","apiVersion":"2018-06-01","properties":{"linkedServiceName":{"referenceName":"[parameters('AzureBlobStorage1')]","type":"LinkedServiceReference"},"annotations":[],"type":"DelimitedText","typeProperties":{"location":{"type":"AzureBlobStorageLocation","container":"transform"},"columnDelimiter":",","escapeChar":"\\","firstRowAsHeader":true,"quoteChar":"\""},"schema":[]},"dependsOn":[]},{"name":"[concat(parameters('factoryName'), '/HistPrice_DelimitedText')]","type":"Microsoft.DataFactory/factories/datasets","apiVersion":"2018-06-01","properties":{"linkedServiceName":{"referenceName":"[parameters('AzureBlobStorage1')]","type":"LinkedServiceReference"},"annotations":[],"type":"DelimitedText","typeProperties":{"location":{"type":"AzureBlobStorageLocation","fileName":"stockdata_small.csv","container":"datastore"},"columnDelimiter":",","escapeChar":"\\","firstRowAsHeader":true,"quoteChar":"\""},"schema":[{"name":"Ticker","type":"String"},{"name":"Price","type":"String"},{"name":"Date","type":"String"}]},"dependsOn":[]},{"name":"[concat(parameters('factoryName'), '/DailyPrice_DelimitedText')]","type":"Microsoft.DataFactory/factories/datasets","apiVersion":"2018-06-01","properties":{"linkedServiceName":{"referenceName":"[parameters('AzureBlobStorage1')]","type":"LinkedServiceReference"},"annotations":[],"type":"DelimitedText","typeProperties":{"location":{"type":"AzureBlobStorageLocation","fileName":"worldtradingdata-realtimeprices.csv","container":"ingestion"},"columnDelimiter":",","escapeChar":"\\","firstRowAsHeader":true,"quoteChar":"\""},"schema":[{"name":"Symbol","type":"String"},{"name":"Name","type":"String"},{"name":"Currency","type":"String"},{"name":"Price","type":"String"},{"name":"Price Open","type":"String"},{"name":"Day High","type":"String"},{"name":"Day Low","type":"String"},{"name":"52 Week High","type":"String"},{"name":"52 Week Low","type":"String"},{"name":"Day Change","type":"String"},{"name":"Change %","type":"String"},{"name":"Close Yesterday","type":"String"},{"name":"Market Cap","type":"String"},{"name":"Volume","type":"String"},{"name":"Volume Avg","type":"String"},{"name":"Shares","type":"String"},{"name":"Stock Exchange Long","type":"String"},{"name":"Stock Exchange Short","type":"String"},{"name":"Timezone","type":"String"},{"name":"Timezone Name","type":"String"},{"name":"GMT Offset","type":"String"},{"name":"Last Trade Time","type":"String"},{"name":"PE","type":"String"},{"name":"EPS","type":"String"}]},"dependsOn":[]}]}