id,id_name,id_price
"CMCSA","Comcast Corporation","44.8"
"FB","Facebook, Inc.","198.82"
"MU","Micron Technology, Inc.","45.87"
"SIRI","Sirius XM Holdings Inc.","6.81"
"ZNGA","Zynga Inc.","6.09"
"000002.SZ","VANKE-A/Shs A Vtg 1.00","27.01"
"000333.SZ","Midea Group Co Ltd","55.73"
"000651.SZ","Gree Electric Appliances Inc of Zhuhai","56.72"
"000858.SZ","Wuliangye Yibin  Co., Ltd.","128.97"
"300498.SZ","Wens Foodstuff Group Co Ltd","35.56"
"AAPL","Apple Inc.","261.78"
"AMD","Advanced Micro Devices, Inc.","39.15"
"CSCO","Cisco Systems, Inc.","44.85"
"INTC","Intel Corporation","57.61"
"MSFT","Microsoft Corporation","149.59"
"CNA.L","Centrica PLC","82.3"
"MNG.L","M&G PLC","231.57"
"RDSA.L","Royal Dutch Shell Plc","2281.5"
"TSCO.L","Tesco PLC","232.6"
"VOD.L","Vodafone Group plc","156.58"
"0386.HK","China Petroleum & Chemical Corp","4.42"
"0883.HK","CNOOC Ltd","11.86"
"1093.HK","CSPC Pharmaceutical Group Ltd","20.0"
"1398.HK","INDUST & COMMER/Shs H Vtg 1.00","5.66"
"2628.HK","China Life Insurance Co Ltd","20.2"
"3436.T","Sumco Corporation","1658.0"
"4502.T","Takeda Pharmaceutical Company Limited","4449.0"
"5301.T","Tokai Carbon Co., Ltd.","1049.0"
"6098.T","Recruit Holdings Co., Ltd.","3937.0"
"9984.T","SoftBank Group Corp.","4154.0"
