Ticker,Name,Price,PxChange,Date
AAPL,Apple Inc.,261.78,-0.09,2019-11-22
AMD,"Advanced Micro Devices, Inc.",39.15,-0.94,2019-11-22
CSCO,"Cisco Systems, Inc.",44.85,0.02,2019-11-22
INTC,Intel Corporation,57.61,-1.05,2019-11-22
MSFT,Microsoft Corporation,149.59,0.07,2019-11-22
0386.HK,China Petroleum & Chemical Corp,4.42,0.0,2019-11-22
0883.HK,CNOOC Ltd,11.86,1.54,2019-11-22
1093.HK,CSPC Pharmaceutical Group Ltd,20.0,0.1,2019-11-22
1398.HK,INDUST & COMMER/Shs H Vtg 1.00,5.66,0.0,2019-11-22
2628.HK,China Life Insurance Co Ltd,20.2,0.25,2019-11-22
CMCSA,Comcast Corporation,44.8,0.99,2019-11-22
FB,"Facebook, Inc.",198.82,0.45,2019-11-22
MU,"Micron Technology, Inc.",45.87,0.7,2019-11-22
SIRI,Sirius XM Holdings Inc.,6.81,-2.23,2019-11-22
ZNGA,Zynga Inc.,6.09,,2019-11-22
CNA.L,Centrica PLC,82.3,3.76,2019-11-22
MNG.L,M&G PLC,231.57,0.34,2019-11-22
RDSA.L,Royal Dutch Shell Plc,2281.5,0.82,2019-11-22
TSCO.L,Tesco PLC,232.6,1.22,2019-11-22
VOD.L,Vodafone Group plc,156.58,2.99,2019-11-22
3436.T,Sumco Corporation,1658.0,-0.24,2019-11-22
4502.T,Takeda Pharmaceutical Company Limited,4449.0,-0.4,2019-11-22
5301.T,"Tokai Carbon Co., Ltd.",1049.0,1.25,2019-11-22
6098.T,"Recruit Holdings Co., Ltd.",3937.0,-0.46,2019-11-22
9984.T,SoftBank Group Corp.,4154.0,0.05,2019-11-22
000002.SZ,VANKE-A/Shs A Vtg 1.00,27.01,0.97,2019-11-22
000333.SZ,Midea Group Co Ltd,55.73,-0.84,2019-11-22
000651.SZ,Gree Electric Appliances Inc of Zhuhai,56.72,-1.27,2019-11-22
000858.SZ,"Wuliangye Yibin  Co., Ltd.",128.97,-3.51,2019-11-22
300498.SZ,Wens Foodstuff Group Co Ltd,35.56,-1.41,2019-11-22
AAPL,Apple Inc.,261.78,-0.09,2019-11-22
AMD,"Advanced Micro Devices, Inc.",39.15,-0.94,2019-11-22
CSCO,"Cisco Systems, Inc.",44.85,0.02,2019-11-22
INTC,Intel Corporation,57.61,-1.05,2019-11-22
MSFT,Microsoft Corporation,149.59,0.07,2019-11-22
0386.HK,China Petroleum & Chemical Corp,4.42,0.0,2019-11-22
0883.HK,CNOOC Ltd,11.86,1.54,2019-11-22
1093.HK,CSPC Pharmaceutical Group Ltd,20.0,0.1,2019-11-22
1398.HK,INDUST & COMMER/Shs H Vtg 1.00,5.66,0.0,2019-11-22
2628.HK,China Life Insurance Co Ltd,20.2,0.25,2019-11-22
CMCSA,Comcast Corporation,44.8,0.99,2019-11-22
FB,"Facebook, Inc.",198.82,0.45,2019-11-22
MU,"Micron Technology, Inc.",45.87,0.7,2019-11-22
SIRI,Sirius XM Holdings Inc.,6.81,-2.23,2019-11-22
ZNGA,Zynga Inc.,6.09,,2019-11-22
CNA.L,Centrica PLC,82.3,3.76,2019-11-22
MNG.L,M&G PLC,231.57,0.34,2019-11-22
RDSA.L,Royal Dutch Shell Plc,2281.5,0.82,2019-11-22
TSCO.L,Tesco PLC,232.6,1.22,2019-11-22
VOD.L,Vodafone Group plc,156.58,2.99,2019-11-22
3436.T,Sumco Corporation,1658.0,-0.24,2019-11-22
4502.T,Takeda Pharmaceutical Company Limited,4449.0,-0.4,2019-11-22
5301.T,"Tokai Carbon Co., Ltd.",1049.0,1.25,2019-11-22
6098.T,"Recruit Holdings Co., Ltd.",3937.0,-0.46,2019-11-22
9984.T,SoftBank Group Corp.,4154.0,0.05,2019-11-22
000002.SZ,VANKE-A/Shs A Vtg 1.00,27.01,0.97,2019-11-22
000333.SZ,Midea Group Co Ltd,55.73,-0.84,2019-11-22
000651.SZ,Gree Electric Appliances Inc of Zhuhai,56.72,-1.27,2019-11-22
000858.SZ,"Wuliangye Yibin  Co., Ltd.",128.97,-3.51,2019-11-22
300498.SZ,Wens Foodstuff Group Co Ltd,35.56,-1.41,2019-11-22
CMCSA,Comcast Corporation,44.22,-1.33,2019-11-20
FB,"Facebook, Inc.",197.51,-0.91,2019-11-20
MU,"Micron Technology, Inc.",45.57,-2.17,2019-11-20
SIRI,Sirius XM Holdings Inc.,6.9,-1.0,2019-11-20
ZNGA,Zynga Inc.,6.23,-1.11,2019-11-20
CNA.L,Centrica PLC,72.7,-1.17,2019-11-20
MNG.L,M&G PLC,232.8,-0.26,2019-11-20
RDSA.L,Royal Dutch Shell Plc,2270.0,-0.7,2019-11-20
TSCO.L,Tesco PLC,232.9,-0.94,2019-11-20
VOD.L,Vodafone Group plc,152.42,-0.54,2019-11-20
3436.T,Sumco Corporation,1685.0,-0.59,2019-11-20
4502.T,Takeda Pharmaceutical Company Limited,4529.0,-0.72,2019-11-20
5301.T,"Tokai Carbon Co., Ltd.",1043.0,-1.88,2019-11-20
6098.T,"Recruit Holdings Co., Ltd.",3922.0,1.11,2019-11-20
9984.T,SoftBank Group Corp.,4220.0,-1.22,2019-11-20
0386.HK,China Petroleum & Chemical Corp,4.46,0.22,2019-11-20
0883.HK,CNOOC Ltd,11.84,-1.5,2019-11-20
1093.HK,CSPC Pharmaceutical Group Ltd,20.55,-3.52,2019-11-20
1398.HK,INDUST & COMMER/Shs H Vtg 1.00,5.78,-0.34,2019-11-20
2628.HK,China Life Insurance Co Ltd,20.65,-1.43,2019-11-20
000002.SZ,VANKE-A/Shs A Vtg 1.00,26.65,-0.26,2019-11-20
000333.SZ,Midea Group Co Ltd,57.15,-1.18,2019-11-20
000651.SZ,Gree Electric Appliances Inc of Zhuhai,58.86,-1.01,2019-11-20
000858.SZ,"Wuliangye Yibin  Co., Ltd.",134.0,0.37,2019-11-20
300498.SZ,Wens Foodstuff Group Co Ltd,36.06,-1.48,2019-11-20
AAPL,Apple Inc.,263.19,-1.16,2019-11-20
AMD,"Advanced Micro Devices, Inc.",40.98,-0.75,2019-11-20
CSCO,"Cisco Systems, Inc.",45.08,-0.86,2019-11-20
INTC,Intel Corporation,57.9,-0.77,2019-11-20
MSFT,Microsoft Corporation,149.62,-0.17,2019-11-20
CMCSA,Comcast Corporation,44.36,0.33,2019-11-21
FB,"Facebook, Inc.",197.93,0.21,2019-11-21
MU,"Micron Technology, Inc.",45.55,-0.04,2019-11-21
SIRI,Sirius XM Holdings Inc.,6.96,0.87,2019-11-21
ZNGA,Zynga Inc.,6.09,-2.25,2019-11-21
CNA.L,Centrica PLC,79.32,9.11,2019-11-21
MNG.L,M&G PLC,231.0,-0.77,2019-11-21
RDSA.L,Royal Dutch Shell Plc,2263.0,-0.31,2019-11-21
TSCO.L,Tesco PLC,229.8,-1.2,2019-11-21
VOD.L,Vodafone Group plc,152.04,-0.25,2019-11-21
3436.T,Sumco Corporation,1662.0,-1.36,2019-11-21
4502.T,Takeda Pharmaceutical Company Limited,4467.0,-1.37,2019-11-21
5301.T,"Tokai Carbon Co., Ltd.",1036.0,-0.67,2019-11-21
6098.T,"Recruit Holdings Co., Ltd.",3955.0,0.84,2019-11-21
9984.T,SoftBank Group Corp.,4152.0,-1.61,2019-11-21
0386.HK,China Petroleum & Chemical Corp,4.42,-0.9,2019-11-21
0883.HK,CNOOC Ltd,11.68,-1.35,2019-11-21
1093.HK,CSPC Pharmaceutical Group Ltd,19.98,-2.77,2019-11-21
1398.HK,INDUST & COMMER/Shs H Vtg 1.00,5.66,-2.08,2019-11-21
2628.HK,China Life Insurance Co Ltd,20.15,-2.42,2019-11-21
000002.SZ,VANKE-A/Shs A Vtg 1.00,26.75,0.38,2019-11-21
000333.SZ,Midea Group Co Ltd,56.2,-1.66,2019-11-21
000651.SZ,Gree Electric Appliances Inc of Zhuhai,57.45,-2.4,2019-11-21
000858.SZ,"Wuliangye Yibin  Co., Ltd.",133.66,-0.25,2019-11-21
300498.SZ,Wens Foodstuff Group Co Ltd,36.07,0.03,2019-11-21
AAPL,Apple Inc.,262.01,-0.45,2019-11-21
AMD,"Advanced Micro Devices, Inc.",39.52,-3.56,2019-11-21
CSCO,"Cisco Systems, Inc.",44.84,-0.53,2019-11-21
INTC,Intel Corporation,58.22,0.55,2019-11-21
MSFT,Microsoft Corporation,149.48,-0.09,2019-11-21
000002.SZ,VANKE-A/Shs A Vtg 1.00,26.42,-0.26,2019-11-18
000333.SZ,Midea Group Co Ltd,56.69,0.25,2019-11-18
000651.SZ,Gree Electric Appliances Inc of Zhuhai,58.99,0.22,2019-11-18
000858.SZ,"Wuliangye Yibin  Co., Ltd.",133.0,-0.25,2019-11-18
0386.HK,China Petroleum & Chemical Corp,4.43,0.0,2019-11-18
0883.HK,CNOOC Ltd,12.06,1.01,2019-11-18
1093.HK,CSPC Pharmaceutical Group Ltd,20.55,-1.2,2019-11-18
1398.HK,INDUST & COMMER/Shs H Vtg 1.00,5.72,1.96,2019-11-18
2628.HK,China Life Insurance Co Ltd,20.8,1.46,2019-11-18
300498.SZ,Wens Foodstuff Group Co Ltd,36.62,-0.03,2019-11-18
3436.T,Sumco Corporation,1749.0,0.23,2019-11-18
4502.T,Takeda Pharmaceutical Company Limited,4509.0,1.19,2019-11-18
5301.T,"Tokai Carbon Co., Ltd.",1068.0,-1.02,2019-11-18
6098.T,"Recruit Holdings Co., Ltd.",3873.0,2.27,2019-11-18
9984.T,SoftBank Group Corp.,4330.0,1.64,2019-11-18
AAPL,Apple Inc.,267.1,0.5,2019-11-18
AMD,"Advanced Micro Devices, Inc.",39.88,3.42,2019-11-18
CMCSA,Comcast Corporation,44.61,0.11,2019-11-18
CNA.L,Centrica PLC,73.5,-0.19,2019-11-18
CSCO,"Cisco Systems, Inc.",45.15,0.13,2019-11-18
FB,"Facebook, Inc.",197.4,1.18,2019-11-18
INTC,Intel Corporation,58.25,0.5,2019-11-18
MNG.L,M&G PLC,233.4,3.27,2019-11-18
MSFT,Microsoft Corporation,150.34,0.25,2019-11-18
MU,"Micron Technology, Inc.",47.82,0.23,2019-11-18
RDSA.L,Royal Dutch Shell Plc,2293.5,-0.63,2019-11-18
SIRI,Sirius XM Holdings Inc.,6.95,0.43,2019-11-18
TSCO.L,Tesco PLC,232.9,-0.38,2019-11-18
VOD.L,Vodafone Group plc,152.12,-1.6,2019-11-18
ZNGA,Zynga Inc.,6.26,-0.32,2019-11-18
000002.SZ,VANKE-A/Shs A Vtg 1.00,26.19,-0.34,2019-11-13
000333.SZ,Midea Group Co Ltd,56.53,-1.17,2019-11-13
000651.SZ,Gree Electric Appliances Inc of Zhuhai,58.84,-3.81,2019-11-13
000858.SZ,"Wuliangye Yibin  Co., Ltd.",134.6,1.42,2019-11-13
0386.HK,China Petroleum & Chemical Corp,4.48,-1.97,2019-11-13
0883.HK,CNOOC Ltd,12.04,-2.75,2019-11-13
1093.HK,CSPC Pharmaceutical Group Ltd,20.7,-0.72,2019-11-13
1398.HK,INDUST & COMMER/Shs H Vtg 1.00,5.6,-2.27,2019-11-13
2628.HK,China Life Insurance Co Ltd,20.65,-2.13,2019-11-13
3436.T,Sumco Corporation,1735.0,-1.25,2019-11-13
4502.T,Takeda Pharmaceutical Company Limited,4370.0,1.56,2019-11-13
5301.T,"Tokai Carbon Co., Ltd.",1098.0,-0.45,2019-11-13
6098.T,"Recruit Holdings Co., Ltd.",3686.0,-1.97,2019-11-13
9984.T,SoftBank Group Corp.,4277.0,0.07,2019-11-13
AAPL,Apple Inc.,264.47,0.96,2019-11-13
AMD,"Advanced Micro Devices, Inc.",37.52,2.21,2019-11-13
CMCSA,Comcast Corporation,45.2,-0.07,2019-11-13
CNA.L,Centrica PLC,74.5,-0.4,2019-11-13
CSCO,"Cisco Systems, Inc.",48.46,0.19,2019-11-13
FB,"Facebook, Inc.",193.19,-0.66,2019-11-13
INTC,Intel Corporation,57.89,-0.53,2019-11-13
MNG.L,M&G PLC,226.8,-0.87,2019-11-13
MSFT,Microsoft Corporation,147.31,0.16,2019-11-13
MU,"Micron Technology, Inc.",46.3,-1.28,2019-11-13
RDSA.L,Royal Dutch Shell Plc,2336.0,-0.23,2019-11-13
SIRI,Sirius XM Holdings Inc.,6.88,-0.72,2019-11-13
TSCO.L,Tesco PLC,232.0,-0.77,2019-11-13
VOD.L,Vodafone Group plc,165.04,-0.12,2019-11-13
ZNGA,Zynga Inc.,6.31,-0.47,2019-11-13
000002.SZ,VANKE-A/Shs A Vtg 1.00,26.28,-0.38,2019-11-12
0386.HK,China Petroleum & Chemical Corp,4.57,0.88,2019-11-12
0883.HK,CNOOC Ltd,12.38,0.49,2019-11-12
1093.HK,CSPC Pharmaceutical Group Ltd,20.85,1.71,2019-11-12
1398.HK,INDUST & COMMER/Shs H Vtg 1.00,5.73,0.7,2019-11-12
2628.HK,China Life Insurance Co Ltd,21.1,1.2,2019-11-12
300498.SZ,Wens Foodstuff Group Co Ltd,38.35,0.45,2019-11-12
3436.T,Sumco Corporation,1757.0,-0.28,2019-11-12
4502.T,Takeda Pharmaceutical Company Limited,4303.0,-0.37,2019-11-12
5301.T,"Tokai Carbon Co., Ltd.",1103.0,3.08,2019-11-12
6098.T,"Recruit Holdings Co., Ltd.",3760.0,0.75,2019-11-12
9984.T,SoftBank Group Corp.,4274.0,-0.6,2019-11-12
AAPL,Apple Inc.,261.96,-0.09,2019-11-12
AMD,"Advanced Micro Devices, Inc.",36.71,1.1,2019-11-12
CMCSA,Comcast Corporation,45.23,-0.04,2019-11-12
CNA.L,Centrica PLC,74.8,1.85,2019-11-12
CSCO,"Cisco Systems, Inc.",48.37,0.56,2019-11-12
FB,"Facebook, Inc.",194.47,2.56,2019-11-12
INTC,Intel Corporation,58.2,-0.26,2019-11-12
MNG.L,M&G PLC,228.8,3.72,2019-11-12
MSFT,Microsoft Corporation,147.07,0.66,2019-11-12
MU,"Micron Technology, Inc.",46.9,1.38,2019-11-12
RDSA.L,Royal Dutch Shell Plc,2341.5,0.52,2019-11-12
SIRI,Sirius XM Holdings Inc.,6.93,-0.43,2019-11-12
TSCO.L,Tesco PLC,233.8,-1.64,2019-11-12
VOD.L,Vodafone Group plc,165.24,3.09,2019-11-12
ZNGA,Zynga Inc.,6.34,0.48,2019-11-12
000002.SZ,VANKE-A/Shs A Vtg 1.00,26.49,0.38,2019-11-15
000333.SZ,Midea Group Co Ltd,56.55,-0.14,2019-11-15
000651.SZ,Gree Electric Appliances Inc of Zhuhai,58.86,-0.47,2019-11-15
000858.SZ,"Wuliangye Yibin  Co., Ltd.",133.33,-0.92,2019-11-15
0386.HK,China Petroleum & Chemical Corp,4.43,-0.45,2019-11-15
0883.HK,CNOOC Ltd,11.94,0.34,2019-11-15
1093.HK,CSPC Pharmaceutical Group Ltd,20.8,-0.95,2019-11-15
1398.HK,INDUST & COMMER/Shs H Vtg 1.00,5.61,0.72,2019-11-15
2628.HK,China Life Insurance Co Ltd,20.5,0.24,2019-11-15
300498.SZ,Wens Foodstuff Group Co Ltd,36.63,-2.89,2019-11-15
3436.T,Sumco Corporation,1745.0,-0.34,2019-11-15
4502.T,Takeda Pharmaceutical Company Limited,4456.0,1.92,2019-11-15
5301.T,"Tokai Carbon Co., Ltd.",1079.0,-1.19,2019-11-15
6098.T,"Recruit Holdings Co., Ltd.",3787.0,0.77,2019-11-15
9984.T,SoftBank Group Corp.,4260.0,-0.68,2019-11-15
CNA.L,Centrica PLC,73.64,-0.19,2019-11-15
MNG.L,M&G PLC,226.0,-0.88,2019-11-15
RDSA.L,Royal Dutch Shell Plc,2308.0,0.57,2019-11-15
TSCO.L,Tesco PLC,233.8,1.26,2019-11-15
VOD.L,Vodafone Group plc,154.6,-3.12,2019-11-15
000002.SZ,VANKE-A/Shs A Vtg 1.00,26.38,-1.35,2019-11-11
000333.SZ,Midea Group Co Ltd,57.2,-4.06,2019-11-11
000651.SZ,Gree Electric Appliances Inc of Zhuhai,61.17,-3.84,2019-11-11
000858.SZ,"Wuliangye Yibin  Co., Ltd.",132.72,-1.39,2019-11-11
0386.HK,China Petroleum & Chemical Corp,4.53,-3.62,2019-11-11
0883.HK,CNOOC Ltd,12.32,-2.99,2019-11-11
1093.HK,CSPC Pharmaceutical Group Ltd,20.5,-2.15,2019-11-11
1398.HK,INDUST & COMMER/Shs H Vtg 1.00,5.69,-2.9,2019-11-11
2628.HK,China Life Insurance Co Ltd,20.85,-1.88,2019-11-11
300498.SZ,Wens Foodstuff Group Co Ltd,38.18,-1.8,2019-11-11
3436.T,Sumco Corporation,1762.0,-0.45,2019-11-11
4502.T,Takeda Pharmaceutical Company Limited,4319.0,-1.35,2019-11-11
5301.T,"Tokai Carbon Co., Ltd.",1070.0,0.28,2019-11-11
6098.T,"Recruit Holdings Co., Ltd.",3732.0,-1.27,2019-11-11
9984.T,SoftBank Group Corp.,4300.0,-1.01,2019-11-11
AAPL,Apple Inc.,262.2,0.79,2019-11-11
AMD,"Advanced Micro Devices, Inc.",36.31,0.06,2019-11-11
CMCSA,Comcast Corporation,45.25,0.13,2019-11-11
CNA.L,Centrica PLC,73.44,0.69,2019-11-11
CSCO,"Cisco Systems, Inc.",48.1,-1.49,2019-11-11
FB,"Facebook, Inc.",189.61,-0.64,2019-11-11
INTC,Intel Corporation,58.35,0.14,2019-11-11
MNG.L,M&G PLC,220.6,1.19,2019-11-11
MSFT,Microsoft Corporation,146.11,0.1,2019-11-11
MU,"Micron Technology, Inc.",46.26,-1.97,2019-11-11
RDSA.L,Royal Dutch Shell Plc,2329.5,-0.49,2019-11-11
SIRI,Sirius XM Holdings Inc.,6.96,1.61,2019-11-11
TSCO.L,Tesco PLC,237.7,-0.08,2019-11-11
VOD.L,Vodafone Group plc,160.28,-1.21,2019-11-11
ZNGA,Zynga Inc.,6.31,0.48,2019-11-11
000002.SZ,VANKE-A/Shs A Vtg 1.00,26.39,0.76,2019-11-14
000333.SZ,Midea Group Co Ltd,56.63,0.18,2019-11-14
000651.SZ,Gree Electric Appliances Inc of Zhuhai,59.14,0.51,2019-11-14
000858.SZ,"Wuliangye Yibin  Co., Ltd.",134.57,-0.02,2019-11-14
0386.HK,China Petroleum & Chemical Corp,4.45,-0.67,2019-11-14
0883.HK,CNOOC Ltd,11.9,-1.16,2019-11-14
1093.HK,CSPC Pharmaceutical Group Ltd,21.0,1.45,2019-11-14
1398.HK,INDUST & COMMER/Shs H Vtg 1.00,5.57,-0.54,2019-11-14
2628.HK,China Life Insurance Co Ltd,20.45,-0.97,2019-11-14
300498.SZ,Wens Foodstuff Group Co Ltd,37.72,-1.64,2019-11-14
3436.T,Sumco Corporation,1751.0,0.92,2019-11-14
4502.T,Takeda Pharmaceutical Company Limited,4372.0,0.05,2019-11-14
5301.T,"Tokai Carbon Co., Ltd.",1092.0,-0.55,2019-11-14
6098.T,"Recruit Holdings Co., Ltd.",3758.0,1.95,2019-11-14
9984.T,SoftBank Group Corp.,4289.0,0.28,2019-11-14
AAPL,Apple Inc.,262.64,-0.69,2019-11-14
AMD,"Advanced Micro Devices, Inc.",38.35,2.21,2019-11-14
CMCSA,Comcast Corporation,45.45,0.55,2019-11-14
CNA.L,Centrica PLC,73.78,-0.97,2019-11-14
CSCO,"Cisco Systems, Inc.",44.91,-7.33,2019-11-14
FB,"Facebook, Inc.",193.15,-0.02,2019-11-14
INTC,Intel Corporation,57.81,-0.14,2019-11-14
MNG.L,M&G PLC,228.0,0.53,2019-11-14
MSFT,Microsoft Corporation,148.06,0.51,2019-11-14
MU,"Micron Technology, Inc.",46.8,1.08,2019-11-14
RDSA.L,Royal Dutch Shell Plc,2295.0,-1.76,2019-11-14
SIRI,Sirius XM Holdings Inc.,6.98,1.45,2019-11-14
TSCO.L,Tesco PLC,230.9,-0.47,2019-11-14
VOD.L,Vodafone Group plc,159.58,-3.31,2019-11-14
ZNGA,Zynga Inc.,6.33,0.32,2019-11-14
000002.SZ,VANKE-A/Shs A Vtg 1.00,26.72,1.14,2019-11-19
000333.SZ,Midea Group Co Ltd,57.83,2.01,2019-11-19
000651.SZ,Gree Electric Appliances Inc of Zhuhai,59.46,0.8,2019-11-19
000858.SZ,"Wuliangye Yibin  Co., Ltd.",133.5,0.38,2019-11-19
0386.HK,China Petroleum & Chemical Corp,4.45,0.45,2019-11-19
0883.HK,CNOOC Ltd,12.02,-0.33,2019-11-19
1093.HK,CSPC Pharmaceutical Group Ltd,21.3,3.65,2019-11-19
1398.HK,INDUST & COMMER/Shs H Vtg 1.00,5.8,1.4,2019-11-19
2628.HK,China Life Insurance Co Ltd,20.95,0.72,2019-11-19
300498.SZ,Wens Foodstuff Group Co Ltd,36.6,-0.05,2019-11-19
3436.T,Sumco Corporation,1695.0,-3.09,2019-11-19
4502.T,Takeda Pharmaceutical Company Limited,4562.0,1.18,2019-11-19
5301.T,"Tokai Carbon Co., Ltd.",1063.0,-0.47,2019-11-19
6098.T,"Recruit Holdings Co., Ltd.",3879.0,0.15,2019-11-19
9984.T,SoftBank Group Corp.,4272.0,-1.34,2019-11-19
AAPL,Apple Inc.,266.29,-0.3,2019-11-19
AMD,"Advanced Micro Devices, Inc.",41.29,3.54,2019-11-19
CMCSA,Comcast Corporation,44.81,0.45,2019-11-19
CNA.L,Centrica PLC,73.56,-1.31,2019-11-19
CSCO,"Cisco Systems, Inc.",45.47,0.71,2019-11-19
FB,"Facebook, Inc.",199.32,0.97,2019-11-19
INTC,Intel Corporation,58.35,0.17,2019-11-19
MNG.L,M&G PLC,233.4,0.0,2019-11-19
MSFT,Microsoft Corporation,150.39,0.03,2019-11-19
MU,"Micron Technology, Inc.",46.58,-2.59,2019-11-19
RDSA.L,Royal Dutch Shell Plc,2286.0,-0.33,2019-11-19
SIRI,Sirius XM Holdings Inc.,6.97,0.29,2019-11-19
TSCO.L,Tesco PLC,235.55,0.1,2019-11-19
VOD.L,Vodafone Group plc,153.24,0.74,2019-11-19
ZNGA,Zynga Inc.,6.3,0.64,2019-11-19
